timestamp,ignition,speed,rpm,throttle,brake,fuel_level,fuel_cons,distance,range,oil_temp,esp,rear_gear
36748,1,0,0,0,96,0,21689.13,146581,2210,0,0,0
36866,1,0,0,0,1,0,21689.13,146581,2210,9,0,0
36966,1,0,0,0,0,0,21689.13,146581,2210,9,0,0
37090,1,0,160,0,0,0,21689.13,146581,2210,9,0,0
37194,1,0,192,0,0,0,21689.13,146581,2210,9,0,0
37274,1,0,224,0,0,0,21689.13,146581,2210,9,0,0
37390,1,0,256,0,0,0,21689.13,146581,2210,9,0,0
37490,1,0,263,0,0,0,21689.13,146581,2210,9,0,0
37637,1,0,544,0,0,0,21689.13,146581,2210,9,0,0
37749,1,0,1111,0,0,0,21689.13,146581,2210,9,0,0
37867,1,0,1557,0,0,25,21689.13,146581,2210,9,0,0
37966,1,0,1624,0,0,25,21689.13,146581,2210,9,0,0
38090,1,0,1487,0,0,25,21690.16,146581,2210,9,0,0
38190,1,0,1411,0,0,25,21690.16,146581,2210,9,0,0
38290,1,0,1407,0,0,25,21690.16,146581,2210,9,0,0
38390,1,0,1393,0,0,25,21690.16,146581,2210,9,0,0
38490,1,0,1387,0,34,25,21690.16,146581,162,9,0,0
38637,1,0,1363,0,58,25,21690.16,146581,162,9,0,0
38737,1,0,1349,0,52,25,21690.16,146581,162,9,0,0
38849,1,0,1356,0,68,25,21690.16,146581,162,9,0,0
38966,1,0,1365,0,76,25,21690.16,146581,162,9,0,0
39066,1,0,1405,0,84,25,21690.16,146581,162,9,0,0
39166,1,0,1348,0,92,25,21691.18,146581,162,9,0,0
39269,1,0,1349,0,96,25,21691.18,146581,162,9,0,0
39390,1,0,1357,0,102,25,21691.18,146581,162,9,0,0
39490,1,0,1361,0,104,25,21691.18,146581,162,9,0,0
39590,1,0,1366,0,104,25,21691.18,146581,162,9,0,0
39709,1,0,1341,0,102,25,21691.18,146581,162,9,0,0
39837,1,0,1318,0,102,25,21691.18,146581,162,9,0,0
39950,1,0,1359,0,102,25,21691.18,146581,162,9,0,0
40049,1,0,1360,0,102,25,21691.18,146581,162,9,0,0
40166,1,0,1365,0,102,25,21692.19,146581,162,9,0,0
40269,1,0,1335,0,100,25,21692.19,146581,162,9,0,0
40390,1,0,1340,0,100,25,21692.19,146581,162,9,0,0
40490,1,0,1312,0,100,25,21692.19,146581,162,9,0,0
40602,1,0,1375,0,100,25,21692.19,146581,162,9,0,0
40709,1,0,1341,0,100,25,21692.19,146581,162,9,0,0
40790,1,0,1375,0,98,25,21692.19,146581,162,9,0,0
40937,1,0,1372,0,100,25,21693.24,146581,162,9,0,0
41049,1,0,1370,0,100,25,21693.24,146581,162,9,0,0
41149,1,0,1370,0,98,25,21693.24,146581,162,9,0,0
41268,1,0,1332,0,98,25,21693.24,146581,162,9,0,0
41366,1,0,1328,0,98,25,21693.24,146581,162,9,0,0
41487,1,0,1327,0,98,25,21693.24,146581,162,9,0,0
41590,1,0,1328,0,98,25,21693.24,146581,162,9,0,0
41690,1,0,1360,0,98,25,21693.24,146581,162,9,0,0
41790,1,0,1359,0,98,25,21694.25,146581,162,9,0,0
41890,1,0,1362,0,98,25,21694.25,146581,162,9,0,0
42037,1,0,1358,0,98,25,21694.25,146581,162,9,0,0
42138,1,0,1354,0,98,25,21694.25,146581,162,9,0,0
42249,1,0,1352,0,98,25,21694.25,146581,162,9,0,0
42366,1,0,1316,0,98,25,21694.25,146581,162,9,0,0
42466,1,0,1347,0,96,25,21694.25,146581,162,9,0,0
42579,1,0,1344,0,98,25,21694.25,146581,162,9,0,0
42690,1,0,1375,0,98,25,21695.27,146581,162,9,0,0
42768,1,0,1340,0,98,25,21695.27,146581,162,9,0,0
42890,1,0,1367,0,96,25,21695.27,146581,162,9,0,0
42990,1,0,1366,0,96,25,21695.27,146581,162,9,0,0
43090,1,0,1366,0,96,25,21695.27,146581,162,9,0,0
43239,1,0,1362,0,96,25,21695.27,146581,162,9,0,0
43349,1,0,1329,0,96,25,21695.27,146581,162,9,0,0
43461,1,0,1327,0,96,25,21695.27,146581,162,9,0,0
43566,1,0,1326,0,96,25,21695.27,146581,162,9,0,0
43668,1,0,1327,0,96,25,21695.27,146581,162,9,0,0
43789,1,0,1359,0,96,25,21696.30,146581,162,9,0,0
43890,1,0,1331,0,100,25,21696.30,146581,162,9,0,0
43990,1,0,1369,0,126,25,21696.30,146581,162,9,0,0
44090,1,0,1366,0,146,25,21696.30,146581,162,9,0,0
44209,1,0,1366,0,150,25,21696.30,146581,162,9,0,0
44290,1,0,1362,0,150,25,21696.30,146581,162,9,0,0
44437,1,0,1362,0,148,25,21696.30,146581,162,9,0,0
44549,1,0,1328,0,148,25,21696.30,146581,162,9,0,0
44649,1,0,1359,0,148,25,21696.30,146581,162,9,0,0
44768,1,0,1356,0,146,25,21697.33,146581,162,9,0,0
44866,1,0,1359,0,146,25,21697.33,146581,162,9,0,0
44991,1,0,1358,0,146,25,21697.33,146581,162,9,0,0
45090,1,0,1355,0,146,25,21697.33,146581,162,9,0,0
45210,1,0,1322,0,146,25,21697.33,146581,162,9,0,0
45317,1,0,1355,0,144,25,21697.33,146581,162,9,0,0
45390,1,0,1354,0,144,25,21697.33,146581,162,9,0,0
45537,1,0,1323,0,142,25,21697.33,146581,162,9,0,0
45649,1,0,1355,0,142,25,21697.33,146581,162,9,0,0
45749,1,0,1353,0,140,25,21698.38,146581,162,9,0,0
45866,1,0,1354,0,140,25,21698.38,146581,162,9,0,0
45966,1,0,1354,0,138,25,21698.38,146581,162,9,0,0
46087,1,0,1321,0,138,25,21698.38,146581,162,9,0,0
46190,1,0,1321,0,138,25,21698.38,146581,162,9,0,0
46268,1,0,1323,0,138,25,21698.38,146581,162,9,0,0
46390,1,0,1356,0,138,25,21698.38,146581,162,9,0,0
46491,1,0,1355,0,138,25,21698.38,146581,162,9,0,0
46598,1,0,1355,0,138,25,21698.38,146581,162,9,0,0
46738,1,0,1352,0,136,25,21698.38,146581,162,9,0,0
46790,1,0,1320,0,136,25,21699.42,146581,162,9,0,0
46959,1,0,1353,0,136,25,21699.42,146581,162,9,0,0
47066,1,0,1355,0,138,25,21699.42,146581,162,9,0,0
47166,1,0,1354,0,136,25,21699.42,146581,162,9,0,0
47287,1,0,1321,0,136,25,21699.42,146581,162,9,0,0
47390,1,0,1321,0,136,25,21699.42,146581,162,9,0,1
47491,1,0,1353,0,134,25,21699.42,146581,162,9,0,1
47590,1,0,1320,0,136,25,21699.42,146581,162,9,0,1
47709,1,0,1321,0,134,25,21699.42,146581,162,9,0,1
47838,1,0,1317,0,136,25,21700.45,146581,162,9,0,1
47949,1,0,1316,0,134,25,21700.45,146581,162,9,0,1
48049,1,0,1349,0,134,25,21700.45,146581,162,9,0,1
48166,1,0,1316,0,136,25,21700.45,146581,162,9,0,1
48268,1,0,1349,0,134,25,21700.45,146581,162,9,0,1
48390,1,0,1351,0,114,25,21700.45,146581,162,9,0,1
48495,1,0,1288,0,10,25,21700.45,146581,162,9,0,1
48590,1,0,1286,0,0,25,21700.45,146581,162,9,0,1
48709,1,0,1322,0,0,25,21700.45,146581,162,9,0,1
48828,1,0,1294,0,0,25,21700.45,146581,162,9,0,1
48890,1,0,1295,0,0,25,21701.47,146581,162,9,0,1
49038,1,0,1327,0,0,25,21701.47,146581,162,9,0,1
49149,1,0,1328,0,0,25,21701.47,146581,162,9,0,1
49249,1,0,1326,0,0,25,21701.47,146581,162,9,0,1
49366,1,0,1326,0,0,25,21701.47,146581,162,9,0,1
49478,1,0,1330,0,0,25,21701.47,146581,162,9,0,1
49591,1,0,1309,0,0,25,21701.47,146581,162,9,0,1
49691,1,0,1281,0,0,25,21701.47,146581,162,9,0,1
49787,1,0,1342,0,0,25,21701.47,146581,162,9,0,1
49891,1,0,1375,0,0,25,21702.52,146581,162,9,0,1
49990,1,0,1403,0,0,25,21702.52,146581,162,9,0,1
50139,1,0,1395,0,0,25,21702.52,146581,162,9,0,1
50249,1,0,1397,0,0,25,21702.52,146581,162,10,0,1
50349,1,0,1366,0,0,25,21702.52,146581,162,10,0,1
50466,1,0,1369,0,0,25,21702.52,146581,162,10,0,1
50579,1,0,1338,0,0,25,21702.52,146581,162,10,0,1
50690,1,0,1311,0,0,25,21702.52,146581,162,10,0,1
50787,1,0,1311,0,0,25,21702.52,146581,162,10,0,1
50891,1,0,1311,0,0,25,21703.53,146581,162,10,0,1
50991,1,0,1309,0,0,25,21703.53,146581,162,10,0,1
51090,1,0,1290,0,0,25,21703.53,146581,162,10,0,1
51237,1,0,1324,0,0,25,21703.53,146581,162,10,0,1
51291,1,0,1292,0,0,25,21703.53,146581,162,10,0,1
51449,1,0,1308,0,0,25,21703.53,146581,162,10,0,1
51566,1,2,1317,0,0,25,21703.53,146581,162,10,0,1
51668,1,2,1293,0,0,25,21703.53,146581,162,10,0,1
51789,1,3,1293,0,0,25,21703.53,146581,162,10,0,1
51890,1,3,1324,0,0,25,21704.56,146581,162,10,0,1
51990,1,3,1293,0,0,25,21704.56,146581,162,10,0,1
52090,1,3,1309,0,0,25,21704.56,146581,162,10,0,1
52209,1,3,1326,0,0,25,21704.56,146581,162,10,0,1
52268,1,3,1323,0,0,25,21704.56,146581,162,10,0,1
52437,1,4,1286,0,0,25,21704.56,146581,162,10,0,1
52549,1,4,1289,0,0,25,21704.56,146581,162,10,0,1
52649,1,4,1248,0,0,25,21704.56,146581,162,10,0,1
52768,1,4,1270,0,0,25,21704.56,146581,162,10,0,1
52866,1,4,1307,0,0,25,21705.61,146581,162,10,0,1
52990,1,4,1265,0,0,25,21705.61,146581,162,10,0,1
53090,1,4,1236,0,0,25,21705.61,146581,162,10,0,1
53209,1,4,1222,0,0,25,21705.61,146581,162,11,0,1
53268,1,4,1187,0,0,25,21705.61,146581,162,11,0,1
53390,1,4,1154,0,0,25,21705.61,146581,162,11,0,1
53538,1,4,1184,0,0,25,21705.61,146581,162,11,0,1
53638,1,4,1194,0,0,25,21705.61,146581,162,11,0,1
53749,1,4,1242,0,0,25,21705.61,146581,162,11,0,1
53865,1,4,1196,0,0,25,21705.61,146581,162,11,0,1
53966,1,4,1241,0,0,25,21706.63,146581,162,11,0,1
54079,1,4,1220,0,0,25,21706.63,146581,162,11,0,1
54192,1,4,1194,0,0,25,21706.63,146581,162,11,0,1
54291,1,4,1236,0,0,25,21706.63,146581,162,11,0,1
54390,1,4,1245,0,0,25,21706.63,146581,162,11,0,1
54491,1,4,1258,0,0,25,21706.63,146581,162,11,0,1
54590,1,4,1240,0,0,25,21706.63,146581,162,11,0,1
54738,1,4,1210,0,0,25,21706.63,146581,162,11,0,1
54850,1,4,1208,0,0,25,21706.63,146581,162,11,0,1
54965,1,3,1154,0,0,25,21706.63,146581,162,11,0,1
55066,1,3,1219,0,0,25,21706.63,146581,162,11,0,1
55166,1,3,1228,0,0,25,21706.63,146581,162,11,0,1
55291,1,3,1196,0,0,25,21707.66,146581,162,11,0,1
55391,1,3,1157,0,0,25,21707.66,146581,162,12,0,1
55491,1,2,1179,0,0,25,21707.66,146581,162,12,0,1
55590,1,2,1172,0,0,25,21707.66,146581,162,12,0,1
55709,1,0,1146,0,0,25,21707.66,146581,162,12,0,1
55837,1,0,1161,0,0,25,21707.66,146581,162,12,0,1
55949,1,0,1125,0,0,25,21707.66,146581,162,12,0,1
56049,1,0,1122,0,0,25,21707.66,146581,162,12,0,1
56166,1,0,1120,0,0,25,21707.66,146581,162,12,0,1
56268,1,0,1150,0,0,25,21707.66,146581,162,12,0,1
56391,1,0,1144,0,0,25,21708.67,146581,162,12,0,1
56490,1,0,1140,0,0,25,21708.67,146581,162,12,0,1
56590,1,0,1138,0,0,25,21708.67,146581,162,12,0,1
56709,1,0,1138,0,0,25,21708.67,146581,162,12,0,1
56829,1,0,1137,0,0,25,21708.67,146581,162,12,0,1
56939,1,0,1104,0,0,25,21708.67,146581,162,12,0,1
57049,1,0,1136,0,0,25,21708.67,146581,162,12,0,1
57149,1,0,1138,0,0,25,21708.67,146581,162,12,0,1
57269,1,0,1137,0,0,25,21708.67,146581,162,12,0,1
57366,1,0,1138,0,0,25,21708.67,146581,162,12,0,1
57490,1,0,1136,0,0,25,21708.67,146581,162,12,0,1
57590,1,0,1137,0,0,25,21709.72,146581,162,12,0,1
57708,1,0,1138,0,0,25,21709.72,146581,162,12,0,1
57768,1,0,1138,0,0,25,21709.72,146581,162,12,0,1
57890,1,0,1138,0,0,25,21709.72,146581,162,12,0,1
58037,1,0,1139,0,0,25,21709.72,146581,162,12,0,1
58138,1,0,1140,0,0,25,21709.72,146581,162,12,0,1
58249,1,0,1139,0,0,25,21709.72,146581,162,12,0,1
58365,1,0,1140,0,0,25,21709.72,146581,162,12,0,1
58466,1,0,1138,0,0,25,21709.72,146581,162,12,0,1
58579,1,0,1174,0,0,25,21709.72,146581,162,12,0,1
58690,1,0,1176,0,0,25,21710.73,146581,162,12,0,1
58768,1,0,1207,0,0,25,21710.73,146581,162,12,0,1
58891,1,0,1203,0,0,25,21710.73,146581,162,12,0,1
58990,1,0,1232,0,0,25,21710.73,146581,162,12,0,1
59090,1,0,1229,0,0,25,21710.73,146581,162,12,0,1
59239,1,0,1277,0,6,25,21710.73,146581,162,12,0,1
59351,1,0,1228,0,30,25,21710.73,146581,162,12,0,1
59462,1,0,1219,0,44,25,21710.73,146581,162,12,0,1
59564,1,0,1196,0,42,25,21710.73,146581,162,12,0,1
59668,1,0,1241,0,34,25,21710.73,146581,162,12,0,1
59768,1,0,1186,0,32,25,21710.73,146581,162,13,0,0
59890,1,0,1189,0,30,25,21710.73,146581,162,13,0,0
60000,1,0,1220,0,26,25,21711.75,146581,162,13,0,0
60090,1,0,1184,0,2,25,21711.75,146581,162,13,0,0
60209,1,0,1209,0,2,25,21711.75,146581,162,13,0,0
60338,1,0,1201,0,12,25,21711.75,146581,162,13,0,0
60449,1,0,1200,0,12,25,21711.75,146581,162,13,0,0
60549,1,0,1170,0,4,25,21711.75,146581,162,13,0,0
60668,1,0,1169,0,0,25,21711.75,146581,162,13,0,0
60764,1,0,1168,0,0,25,21711.75,146581,162,13,0,0
60891,1,0,1166,0,0,25,21711.75,146581,162,13,0,0
60991,1,0,1166,0,0,25,21711.75,146581,162,13,0,0
61090,1,0,1164,0,0,25,21711.75,146581,162,13,0,0
61209,1,0,1162,0,0,25,21711.75,146581,162,13,0,0
61291,1,0,1160,0,0,25,21711.75,146581,162,13,0,0
61438,1,0,1159,0,0,25,21712.77,146581,162,13,0,0
61549,1,0,1159,0,0,25,21712.77,146581,162,13,0,0
61649,1,0,1130,0,0,25,21712.77,146581,162,14,0,0
61764,1,0,1131,0,0,25,21712.77,146581,162,14,0,0
61871,1,0,1132,0,0,25,21712.77,146581,162,14,0,0
61990,1,0,1132,0,0,25,21712.77,146581,162,14,0,0
62090,1,0,1132,0,0,25,21712.77,146581,162,14,0,0
62208,1,0,1133,0,0,25,21712.77,146581,162,14,0,0
62291,1,0,1101,0,0,25,21712.77,146581,162,14,0,0
62390,1,0,1070,0,0,25,21712.77,146581,162,14,0,0
62538,1,0,1085,1,0,25,21712.77,146581,162,14,0,0
62638,1,0,1091,1,0,25,21712.77,146581,162,14,0,0
62750,1,0,1079,1,0,25,21712.77,146581,162,14,0,0
62791,1,0,1079,1,0,25,21713.81,146581,162,14,0,0
62964,1,0,1058,1,0,25,21713.81,146581,162,14,0,0
63078,1,0,1088,2,0,25,21713.81,146581,162,14,0,0
63191,1,0,1100,2,0,25,21713.81,146581,162,14,0,0
63288,1,0,1085,2,0,25,21713.81,146581,162,14,0,0
63390,1,2,1062,2,0,25,21713.81,146581,162,14,0,0
63491,1,3,1075,3,0,25,21713.81,146581,162,14,0,0
63591,1,3,1004,3,0,25,21713.81,146581,162,14,0,0
63738,1,3,1063,5,0,25,21713.81,146581,162,15,0,0
63850,1,4,1061,9,0,25,21714.87,146581,162,15,0,0
63960,1,4,1068,10,0,25,21714.87,146581,162,15,0,0
64063,1,4,1073,10,0,25,21714.87,146581,162,15,0,0
64163,1,4,1105,10,0,25,21714.87,146581,162,15,0,0
64291,1,5,1142,10,0,25,21714.87,146581,162,15,0,0
64391,1,5,1138,11,0,25,21714.87,146581,162,15,0,0
64491,1,5,1094,12,0,25,21714.87,146581,162,15,0,0
64591,1,6,1121,14,0,25,21714.87,146581,162,15,0,0
64708,1,6,1149,14,0,25,21714.87,146581,162,15,0,0
64791,1,6,1163,14,0,25,21715.93,146581,162,15,0,0
64949,1,6,1148,14,0,25,21715.93,146581,162,15,0,0
65049,1,7,1183,14,0,25,21715.93,146581,162,15,0,0
65165,1,7,1184,14,0,25,21715.93,146581,162,15,0,0
65263,1,7,1187,15,0,25,21715.93,146581,162,15,0,0
65391,1,8,1216,15,0,25,21715.93,146581,162,15,0,0
65492,1,8,1248,15,0,25,21715.93,146581,162,15,0,0
65591,1,8,1276,15,0,25,21715.93,146581,162,15,0,0
65708,1,9,1268,15,0,25,21716.98,146581,162,15,0,0
65766,1,9,1262,15,0,25,21716.98,146581,162,15,0,0
65938,1,9,1292,15,0,25,21716.98,146581,162,15,0,0
66038,1,9,1332,15,0,25,21716.98,146581,162,15,0,0
66150,1,9,1338,15,0,25,21716.98,146581,162,15,0,0
66263,1,9,1329,14,0,25,21716.98,146581,162,15,0,0
66363,1,9,1345,14,0,25,21716.98,146581,162,15,0,0
66477,1,9,1351,14,0,25,21716.98,146581,162,15,0,0
66591,1,9,1360,14,0,25,21717.98,146581,162,15,0,0
66691,1,10,1350,14,0,25,21717.98,146581,162,15,0,0
66763,1,9,1396,14,0,25,21717.98,146581,162,15,0,0
66891,1,10,1389,12,0,25,21717.98,146581,162,15,0,0
66990,1,9,1362,5,0,25,21717.98,146581,162,15,0,0
67144,1,9,1305,2,0,25,21717.98,146581,162,15,0,0
67249,1,9,1258,0,0,25,21717.98,146581,162,15,0,0
67363,1,9,1300,0,0,25,21717.98,146581,162,15,0,0
67563,1,9,1293,0,0,25,21717.98,146581,161,15,0,0
67663,1,9,1260,6,0,25,21717.98,146581,161,16,0,0
67763,1,8,1319,11,0,25,21717.98,146581,161,16,0,0
67891,1,9,1341,13,0,25,21717.98,146581,161,16,0,0
67991,1,9,1274,13,0,25,21717.98,146581,161,16,0,0
68091,1,9,1303,16,0,25,21719.04,146581,161,16,0,0
68208,1,9,1371,19,0,25,21719.04,146581,161,16,0,0
68338,1,9,1317,20,0,25,21719.04,146581,161,16,0,0
68450,1,9,1332,26,0,25,21719.04,146581,161,16,0,0
68544,1,9,1392,33,0,25,21719.04,146581,161,16,0,0
68666,1,10,1394,35,0,25,21719.04,146581,161,16,0,0
68763,1,10,1341,35,0,25,21719.04,146581,161,16,0,0
68891,1,10,1410,35,0,25,21720.06,146581,161,16,0,0
68991,1,9,1399,35,0,25,21720.06,146581,161,16,0,0
69091,1,10,1361,32,0,25,21720.06,146581,161,16,0,0
69208,1,9,1390,32,0,25,21720.06,146581,161,16,0,0
69329,1,10,1413,32,0,25,21720.06,146581,161,16,0,0
69438,1,10,1426,30,0,25,21720.06,146581,161,16,0,0
69538,1,10,1388,19,0,25,21720.06,146581,161,17,0,0
69649,1,10,1344,0,0,25,21721.08,146581,161,17,0,0
69763,1,9,1316,0,0,25,21721.08,146581,161,17,0,0
69863,1,10,1377,0,0,25,21721.08,146581,161,17,0,0
69963,1,9,1400,0,0,25,21721.08,146581,161,17,0,0
70092,1,9,1322,0,0,25,21721.08,146581,161,17,0,0
70191,1,9,1317,0,0,25,21721.08,146581,161,17,0,0
70288,1,9,1337,0,0,25,21721.08,146581,161,17,0,0
70391,1,9,1286,0,0,25,21721.08,146581,161,17,0,0
70492,1,9,1289,0,0,25,21721.08,146581,161,17,0,0
70639,1,9,1252,0,0,25,21721.08,146581,161,17,0,0
70749,1,9,1251,0,10,25,21721.08,146581,161,17,0,0
70850,1,9,1250,0,14,25,21721.08,146581,161,17,0,0
70963,1,9,1250,0,16,25,21721.08,146581,161,17,0,0
71078,1,9,1249,0,30,25,21721.08,146581,161,17,0,0
71190,1,9,1216,0,54,25,21721.08,146581,161,17,0,0
71288,1,9,1279,0,54,25,21721.08,146581,161,17,0,0
71391,1,8,1247,0,64,25,21721.08,146581,161,17,0,0
71492,1,8,1247,0,76,25,21722.08,146581,161,18,0,0
71591,1,7,1245,0,78,25,21722.08,146581,161,18,0,0
71708,1,7,1210,0,80,25,21722.08,146581,161,18,0,0
71791,1,7,1209,0,82,25,21722.08,146581,161,18,0,0
71950,1,7,1207,0,94,25,21722.08,146581,161,18,0,0
72064,1,5,1174,0,98,25,21722.08,146581,161,18,0,0
72163,1,4,1205,0,96,25,21722.08,146581,161,18,0,0
72263,1,4,1173,0,92,25,21722.08,146581,161,18,0,0
72391,1,3,1173,0,70,25,21722.08,146581,161,18,0,0
72492,1,3,1171,0,64,25,21722.08,146581,161,18,0,0
72591,1,3,1171,0,64,25,21722.08,146581,161,18,0,0
72708,1,2,1203,0,64,25,21722.08,146581,161,18,0,0
72791,1,0,1202,0,66,25,21722.08,146581,161,18,0,0
72938,1,0,1237,0,66,25,21722.08,146581,161,18,0,0
73051,1,0,1270,0,68,25,21722.08,146581,161,18,0,0
73163,1,0,1303,0,68,25,21722.08,146581,161,18,0,0
73264,1,0,1305,0,70,25,21723.09,146581,161,18,0,0
73363,1,0,1307,0,70,25,21723.09,146581,161,18,0,0
73492,1,0,1312,0,66,25,21723.09,146581,161,18,0,0
73591,1,0,1318,0,60,25,21723.09,146581,161,18,0,0
73708,1,0,1323,0,58,25,21723.09,146581,161,18,0,0
73791,1,0,1323,0,56,25,21723.09,146581,161,18,0,0
73891,1,0,1324,0,56,25,21723.09,146581,161,18,0,0
74038,1,0,1329,0,56,25,21723.09,146581,161,18,0,0
74152,1,0,1332,0,56,25,21723.09,146581,161,18,0,0
74263,1,0,1335,0,56,25,21723.09,146581,161,18,0,0
74363,1,0,1368,0,58,25,21723.09,146581,161,18,0,0
74488,1,0,1371,0,60,25,21723.09,146581,161,18,0,0
74591,1,0,1372,0,60,25,21723.09,146581,161,18,0,0
74708,1,0,1373,0,60,25,21724.11,146581,161,18,0,0
74788,1,0,1345,0,60,25,21724.11,146581,161,18,0,0
74891,1,0,1347,0,30,25,21724.11,146581,161,18,0,0
75038,1,0,1348,0,8,25,21724.11,146581,161,18,0,0
75144,1,0,1349,0,2,25,21724.11,146581,161,18,0,0
75250,1,0,1347,0,0,25,21724.11,146581,161,18,0,0
75363,1,0,1344,0,0,25,21724.11,146581,161,19,0,0
75477,1,0,1373,0,0,25,21724.11,146581,161,19,0,0
75578,1,0,1375,0,0,25,21724.11,146581,161,19,0,0
75691,1,0,1340,0,0,25,21724.11,146581,161,19,0,0
75791,1,0,1372,0,0,25,21724.11,146581,161,19,0,0
75891,1,0,1336,0,0,25,21724.11,146581,161,19,0,0
75991,1,0,1304,0,0,25,21725.12,146581,161,19,0,0
76091,1,0,1275,0,0,25,21725.12,146581,161,19,0,0
76238,1,0,1220,0,0,25,21725.12,146581,161,19,0,0
76344,1,0,1227,3,0,25,21725.12,146581,161,19,0,0
76465,1,0,1193,4,0,25,21725.12,146581,161,19,0,0
76578,1,0,1207,4,0,25,21725.12,146581,161,19,0,0
76688,1,0,1168,5,0,25,21725.12,146581,161,19,0,0
76763,1,3,1166,5,0,25,21725.12,146581,161,19,0,0
76891,1,3,1123,5,0,25,21726.19,146581,161,19,0,0
76991,1,3,1124,5,0,25,21726.19,146581,161,19,0,0
77091,1,4,1162,5,0,25,21726.19,146581,161,19,0,0
77238,1,4,1159,5,0,25,21726.19,146581,161,19,0,0
77343,1,5,1171,5,0,25,21726.19,146581,161,19,0,0
77458,1,5,1163,5,0,25,21726.19,146581,161,19,0,0
77564,1,6,1157,5,0,25,21727.26,146581,161,19,0,0
77664,1,6,1155,5,0,25,21727.26,146581,161,19,0,0
77788,1,7,1153,5,0,25,21727.26,146581,161,20,0,0
77891,1,7,1176,5,0,25,21727.26,146581,161,20,0,0
77991,1,8,1158,5,0,25,21727.26,146581,161,20,0,0
78091,1,8,1188,5,0,25,21727.26,146581,161,20,0,0
78208,1,9,1251,5,0,25,21727.26,146581,161,20,0,0
78291,1,9,1296,5,0,25,21727.26,146581,161,20,0,0
78444,1,9,1300,6,0,25,21727.26,146581,161,20,0,0
78544,1,9,1329,16,0,25,21728.28,146581,161,20,0,0
78664,1,9,1399,36,0,25,21728.28,146581,161,20,0,0
78763,1,10,1498,41,0,25,21728.28,146581,161,20,0,0
78863,1,10,1472,41,0,25,21728.28,146581,161,20,0,0
78991,1,10,1466,42,0,25,21728.28,146581,161,20,0,0
79091,1,10,1525,42,0,25,21728.28,146581,161,20,0,0
79208,1,10,1541,42,0,25,21729.32,146581,161,20,0,0
79323,1,11,1598,42,0,25,21729.32,146581,161,20,0,0
79394,1,11,1568,44,0,25,21729.32,146581,161,20,0,0
79543,1,11,1627,75,0,25,21729.32,146581,161,20,0,0
79652,1,11,1657,75,0,25,21729.32,146581,161,20,0,0
79763,1,12,1671,73,0,25,21729.32,146581,161,20,0,0
79863,1,12,1740,73,0,25,21730.36,146581,161,20,0,0
79963,1,12,1731,73,0,25,21730.36,146581,161,20,0,0
80091,1,12,1814,73,0,25,21730.36,146581,161,20,0,0
80191,1,13,1859,73,0,25,21730.36,146581,161,20,0,0
80263,1,13,1900,73,0,25,21730.36,146581,161,21,0,0
80396,1,14,1971,73,0,25,21731.42,146581,161,21,0,0
80491,1,14,2039,73,0,25,21731.42,146581,161,21,0,0
80646,1,14,2110,73,0,25,21731.42,146581,161,21,0,0
80743,1,15,2139,73,0,25,21731.42,146581,161,21,0,0
80863,1,15,2199,60,0,25,21732.46,146581,161,21,0,0
80963,1,16,2199,0,0,25,21732.46,146581,161,21,0,0
81078,1,15,2160,0,0,25,21732.46,146581,161,21,0,0
81191,1,15,2003,0,0,25,21732.46,146581,161,21,0,0
81291,1,15,1842,0,0,25,21732.46,146581,161,21,0,0
81396,1,15,1760,0,0,25,21732.46,146581,161,21,0,0
81491,1,15,1768,0,0,25,21732.46,146581,161,21,0,0
81591,1,15,1735,10,0,25,21732.46,146581,161,21,0,0
81743,1,15,1686,68,0,25,21732.46,146581,161,21,0,0
81843,1,15,1725,89,0,25,21733.48,146581,161,21,0,0
81963,1,16,1691,98,0,25,21733.48,146581,161,21,0,0
82063,1,16,1563,98,0,25,21733.48,146581,161,21,0,0
82163,1,17,1237,98,0,25,21733.48,146581,161,21,0,0
82291,1,17,1278,98,0,25,21734.55,146581,161,21,0,0
82395,1,17,1314,98,0,25,21734.55,146581,161,21,0,0
82499,1,17,1388,98,0,25,21734.55,146581,161,21,0,0
82591,1,18,1392,101,0,25,21734.55,146581,161,21,0,0
82708,1,18,1390,101,0,25,21735.59,146581,161,21,0,0
82791,1,18,1424,101,0,25,21735.59,146581,161,21,0,0
82943,1,19,1492,101,0,25,21735.59,146581,161,21,0,0
83063,1,20,1520,102,0,25,21735.59,146581,161,21,0,0
83163,1,20,1542,104,0,25,21735.59,146581,161,21,0,0
83264,1,20,1594,105,0,25,21736.64,146581,161,21,0,0
83395,1,21,1600,105,0,25,21736.64,146581,161,21,0,0
83492,1,21,1662,109,0,25,21736.64,146581,161,21,0,0
83591,1,22,1673,110,0,25,21736.64,146581,161,21,0,0
83708,1,22,1717,110,0,25,21736.64,146581,161,21,0,0
83833,1,23,1759,110,0,25,21737.72,146581,161,21,0,0
83943,1,23,1815,113,0,25,21737.72,146581,161,21,0,0
84043,1,24,1827,115,0,25,21737.72,146581,161,21,0,0
84163,1,25,1871,116,0,25,21737.72,146581,161,21,0,0
84263,1,25,1947,116,0,25,21737.72,146581,161,21,0,0
84370,1,26,1956,116,0,25,21738.82,146581,161,21,0,0
84491,1,26,2029,116,0,25,21738.82,146581,161,21,0,0
84591,1,27,2069,116,0,25,21738.82,146581,161,21,0,0
84709,1,27,2111,116,0,25,21738.82,146581,161,21,0,0
84791,1,28,2119,116,0,25,21739.92,146581,161,21,0,0
84894,1,28,2159,116,0,25,21739.92,146581,161,21,0,0
85039,1,29,2196,116,0,25,21739.92,146581,161,21,0,0
85152,1,29,2239,116,0,25,21740.96,146581,161,21,0,0
85262,1,30,2247,116,0,25,21740.96,146581,161,21,0,0
85369,1,30,2297,114,0,25,21740.96,146581,161,22,0,0
85477,1,31,2313,106,0,25,21740.96,146581,161,22,0,0
85591,1,31,2356,91,0,25,21742.07,146581,161,22,0,0
85691,1,31,2390,60,0,25,21742.07,146581,161,22,0,0
85763,1,31,2255,0,0,25,21742.07,146581,161,22,0,0
85894,1,31,2080,0,0,25,21742.07,146581,161,22,0,0
85991,1,31,1920,0,0,25,21742.07,146581,161,22,0,0
86143,1,31,1827,0,0,25,21742.07,146581,161,22,0,0
86243,1,31,1821,13,0,25,21742.07,146581,161,22,0,0
86363,1,31,1789,13,0,25,21742.07,146581,161,22,0,0
86477,1,31,1669,109,0,25,21742.07,146581,161,22,0,0
86578,1,31,1694,125,0,25,21743.15,146581,161,22,0,0
86691,1,31,1669,134,0,25,21743.15,146581,161,22,0,0
86791,1,31,1689,139,0,25,21743.15,146581,161,22,0,0
86894,1,32,1709,139,0,25,21743.15,146581,161,22,0,0
86991,1,32,1725,139,0,25,21744.28,146581,161,22,0,0
87091,1,32,1740,139,0,25,21744.28,146581,161,22,0,0
87243,1,33,1769,137,0,25,21744.28,146581,161,22,0,0
87291,1,33,1769,137,0,25,21745.30,146581,161,22,0,0
87463,1,34,1818,134,0,25,21745.30,146581,161,22,0,0
87578,1,34,1844,134,0,25,21745.30,146581,161,22,0,0
87687,1,35,1839,133,0,25,21746.33,146581,161,22,0,0
87763,1,35,1866,132,0,25,21746.33,146581,161,22,0,0
87893,1,36,1897,132,0,25,21746.33,146581,161,22,0,0
87990,1,36,1928,132,0,25,21747.33,146581,161,23,0,0
88091,1,36,1926,132,0,25,21747.33,146581,161,23,0,0
88208,1,37,1958,132,0,25,21747.33,146581,161,23,0,0
88343,1,37,1988,132,0,25,21747.33,146581,161,23,0,0
88443,1,38,1993,132,0,25,21748.46,146581,161,23,0,0
88563,1,38,2026,132,0,25,21748.46,146581,161,23,0,0
88663,1,39,2061,132,0,25,21748.46,146581,161,23,0,0
88763,1,39,2097,132,0,25,21748.46,146581,161,23,0,0
88893,1,39,2100,130,0,25,21749.47,146581,161,23,0,0
88990,1,40,2134,130,0,25,21749.47,146581,161,23,0,0
89090,1,40,2173,130,0,25,21749.47,146581,161,23,0,0
89208,1,40,2153,132,0,25,21750.50,146581,161,23,0,0
89290,1,41,2195,138,0,25,21750.50,146581,161,23,0,0
89444,1,41,2215,139,0,25,21750.50,146581,161,23,0,0
89543,1,42,2224,138,0,25,21751.58,146581,161,23,0,0
89663,1,42,2240,137,0,25,21751.58,146581,161,23,0,0
89762,1,43,2302,137,0,25,21751.58,146581,161,23,0,0
89862,1,43,2282,135,0,25,21752.76,146581,161,23,0,0
89990,1,44,2338,133,0,25,21752.76,146581,161,23,0,0
90090,1,44,2341,129,0,25,21752.76,146581,161,23,0,0
90208,1,44,2361,122,0,25,21753.88,146581,161,24,0,0
90290,1,45,2381,95,0,25,21753.88,146581,161,24,0,0
90437,1,45,2242,0,0,25,21753.88,146581,161,24,0,0
90543,1,45,2128,0,0,25,21754.95,146581,161,24,0,0
90652,1,45,1984,0,0,25,21754.95,146581,161,24,0,0
90762,1,44,1891,0,0,25,21754.95,146581,161,24,0,0
90863,1,44,1827,0,0,25,21754.95,146581,161,24,0,0
90990,1,44,1762,29,0,25,21754.95,146581,161,24,0,0
91090,1,44,1798,78,0,25,21754.95,146581,161,24,0,0
91208,1,44,1770,110,0,25,21754.95,146581,161,24,0,0
91290,1,44,1789,123,0,25,21754.95,146581,161,24,0,0
91393,1,44,1780,125,0,25,21754.95,146581,161,24,0,0
91539,1,44,1762,127,0,25,21756.05,146581,161,24,0,0
91651,1,45,1792,127,0,25,21756.05,146581,161,24,0,0
91743,1,45,1805,127,0,25,21756.05,146581,161,24,0,0
91863,1,45,1793,128,0,25,21757.08,146581,161,24,0,0
91962,1,45,1817,130,0,25,21757.08,146581,161,24,0,0
92092,1,46,1793,130,0,25,21757.08,146581,161,24,0,0
92190,1,46,1838,130,0,25,21758.16,146581,161,24,0,0
92290,1,46,1837,130,0,25,21758.16,146581,161,24,0,0
92393,1,46,1869,130,0,25,21758.16,146581,161,24,0,0
92491,1,46,1867,130,0,25,21758.16,146581,161,24,0,0
92643,1,47,1862,130,0,25,21759.18,146581,161,24,0,0
92743,1,47,1862,130,0,25,21759.18,146581,161,24,0,0
92862,1,47,1891,130,0,25,21759.18,146581,161,24,0,0
92962,1,48,1890,132,0,25,21759.18,146581,161,24,0,0
93078,1,48,1889,137,0,25,21760.19,146581,161,24,0,0
93190,1,48,1920,137,0,25,21760.19,146581,161,24,0,0
93290,1,48,1950,137,0,25,21760.19,146581,161,24,0,0
93393,1,48,1922,137,0,25,21760.19,146581,161,24,0,0
93491,1,49,1923,137,0,25,21761.19,146581,161,24,0,0
93590,1,49,1980,137,0,25,21761.19,146581,161,24,0,0
93743,1,49,1968,137,0,25,21761.19,146581,161,24,0,0
93851,1,50,1952,137,0,25,21762.26,146581,161,24,0,0
93963,1,50,1993,137,0,25,21762.26,146581,161,24,0,0
94062,1,50,1996,136,0,25,21762.26,146581,161,24,0,0
94187,1,50,2033,133,0,25,21762.26,146581,161,24,0,0
94290,1,51,2036,130,0,25,21763.27,146581,161,24,0,0
94393,1,51,2040,129,0,25,21763.27,146581,161,25,0,0
94491,1,51,2074,125,0,25,21763.27,146581,161,25,0,0
94590,1,51,2077,124,0,25,21764.29,146581,161,25,0,0
94737,1,52,2067,82,0,25,21764.29,146581,161,25,0,0
94837,1,52,2053,0,0,25,21764.29,146581,161,25,0,0
94957,1,52,1961,0,0,25,21765.38,146581,161,25,0,0
95062,1,52,1933,0,0,25,21765.38,146581,161,25,0,0
95163,1,52,1888,0,0,25,21765.38,146581,161,25,0,0
95290,1,52,1762,0,0,25,21765.38,146581,161,25,0,0
95393,1,52,1755,0,0,25,21765.38,146581,161,25,0,0
95491,1,51,1684,0,0,25,21765.38,146581,161,25,0,0
95590,1,51,1661,0,0,25,21765.38,146581,161,25,0,0
95707,1,51,1576,0,0,25,21765.38,146581,161,25,0,0
95838,1,51,1550,29,0,25,21765.38,146581,161,25,0,0
95943,1,50,1673,50,0,25,21765.38,146581,161,25,0,0
96043,1,51,1604,66,0,25,21765.38,146581,161,25,0,0
96162,1,51,1615,81,0,25,21765.38,146581,161,26,0,0
96262,1,51,1606,94,0,25,21765.38,146581,161,26,0,0
96392,1,51,1623,99,0,25,21766.45,146581,161,26,0,0
96491,1,51,1610,99,0,25,21766.45,146581,161,26,0,0
96590,1,51,1623,90,0,25,21766.45,146581,161,26,0,0
96707,1,51,1662,90,0,25,21766.45,146581,161,26,0,0
96790,1,51,1629,90,0,25,21767.49,146581,161,26,0,0
96942,1,51,1635,78,0,25,21767.49,146581,161,26,0,0
97043,1,51,1648,78,0,25,21767.49,146581,161,26,0,0
97151,1,51,1632,78,0,25,21767.49,146581,161,26,0,0
97262,1,51,1656,77,0,25,21767.49,146581,161,26,0,0
97362,1,51,1632,76,0,25,21768.56,146581,161,26,0,0
97491,1,51,1639,90,0,25,21768.56,146581,153,26,0,0
97590,1,51,1646,91,0,25,21768.56,146581,153,26,0,0
97707,1,51,1654,91,0,25,21768.56,146581,153,26,0,0
97762,1,51,1649,91,0,25,21768.56,146581,153,26,0,0
97893,1,51,1652,95,0,25,21768.56,146581,153,26,0,0
98038,1,52,1660,96,0,25,21769.64,146581,153,27,0,0
98151,1,52,1673,91,0,25,21769.64,146581,153,27,0,0
98243,1,52,1642,85,0,25,21769.64,146581,153,27,0,0
98362,1,52,1640,74,0,25,21769.64,146581,153,27,0,0
98476,1,52,1661,73,0,25,21769.64,146581,153,27,0,0
98590,1,52,1676,73,0,25,21770.69,146581,153,27,0,0
98690,1,52,1633,72,0,25,21770.69,146581,153,27,0,0
98787,1,52,1637,65,0,25,21770.69,146581,153,27,0,0
98893,1,52,1674,64,0,25,21770.69,146581,153,27,0,0
98990,1,52,1672,64,0,25,21770.69,146581,153,27,0,0
99143,1,52,1634,63,0,25,21771.72,146581,153,27,0,0
99237,1,52,1666,63,0,25,21771.72,146581,153,27,0,0
99362,1,52,1689,63,0,25,21771.72,146581,153,27,0,0
99463,1,52,1653,63,0,25,21771.72,146581,153,27,0,0
99577,1,52,1690,63,0,25,21771.72,146581,153,27,0,0
99690,1,52,1695,63,0,25,21771.72,146581,153,27,0,0
99762,1,52,1638,72,0,25,21771.72,146581,153,27,0,0
99893,1,52,1672,72,0,25,21772.73,146581,153,27,0,0
99990,1,52,1678,72,0,25,21772.73,146581,153,27,0,0
100090,1,52,1660,67,0,25,21772.73,146581,153,27,0,0
100244,1,52,1668,59,0,25,21772.73,146581,153,27,0,0
100343,1,52,1670,59,0,25,21772.73,146581,153,27,0,0
100464,1,52,1684,59,0,25,21773.75,146581,153,27,0,0
100562,1,52,1670,58,0,25,21773.75,146581,153,27,0,0
100663,1,52,1694,57,0,25,21773.75,146581,153,27,0,0
100762,1,52,1686,57,0,25,21773.75,146581,153,27,0,0
100893,1,52,1685,57,0,25,21773.75,146581,153,27,0,0
100990,1,52,1683,57,0,25,21773.75,146581,153,27,0,0
101090,1,52,1681,55,0,25,21774.75,146581,153,27,0,0
101237,1,52,1681,54,0,25,21774.75,146581,153,27,0,0
101344,1,52,1679,57,0,25,21774.75,146581,153,28,0,0
101460,1,52,1687,67,0,25,21774.75,146581,153,28,0,0
101562,1,52,1690,68,0,25,21774.75,146581,153,28,0,0
101663,1,52,1661,67,0,25,21774.75,146581,153,28,0,0
101762,1,52,1669,57,0,25,21774.75,146581,153,28,0,0
101893,1,52,1679,57,0,25,21775.82,146581,153,28,0,0
101990,1,52,1682,45,0,25,21775.82,146581,153,28,0,0
102090,1,52,1693,45,0,25,21775.82,146581,153,28,0,0
102207,1,52,1665,45,0,25,21775.82,146581,153,28,0,0
102290,1,52,1690,45,0,25,21775.82,146581,153,28,0,0
102443,1,52,1684,45,0,25,21775.82,146581,153,28,0,0
102543,1,52,1684,45,0,25,21776.84,146581,153,28,0,0
102663,1,52,1689,45,0,25,21776.84,146581,153,28,0,0
102762,1,52,1658,45,0,25,21776.84,146581,153,28,0,0
102892,1,52,1690,50,0,25,21776.84,146581,153,28,0,0
102990,1,52,1632,55,0,25,21776.84,146581,153,28,0,0
103092,1,52,1637,55,0,25,21776.84,146581,153,29,0,0
103207,1,52,1677,54,0,25,21776.84,146581,153,29,0,0
103290,1,52,1653,13,0,25,21777.90,146581,153,29,0,0
103437,1,51,1596,0,0,25,21777.90,146581,153,29,0,0
103543,1,51,1520,0,0,25,21777.90,146582,153,29,0,0
103651,1,51,1440,0,0,25,21777.90,146582,153,29,0,0
103762,1,51,1443,0,0,25,21777.90,146582,153,29,0,0
103870,1,51,1412,0,0,25,21777.90,146582,153,29,0,0
103990,1,51,1417,0,0,25,21777.90,146582,153,29,0,0
104090,1,51,1346,0,0,25,21777.90,146582,153,29,0,0
104207,1,50,1446,32,0,25,21777.90,146582,153,29,0,0
104287,1,51,1446,65,0,25,21777.90,146582,153,29,0,0
104393,1,51,1387,80,0,25,21777.90,146582,153,29,0,0
104538,1,50,1396,95,0,25,21777.90,146582,153,29,0,0
104643,1,50,1382,95,0,25,21778.97,146582,153,29,0,0
104743,1,51,1356,112,0,25,21778.97,146582,153,29,0,0
104790,1,50,1388,112,0,25,21778.97,146582,153,29,0,0
104962,1,51,1380,124,0,25,21778.97,146582,153,30,0,0
105090,1,50,1398,124,0,25,21778.97,146582,153,30,0,0
105190,1,51,1398,124,0,25,21780.05,146582,153,30,0,0
105287,1,50,1400,124,0,25,21780.05,146582,153,30,0,0
105393,1,51,1407,124,0,25,21780.05,146582,153,30,0,0
105491,1,51,1406,124,0,25,21780.05,146582,153,30,0,0
105590,1,51,1402,124,0,25,21780.05,146582,153,30,0,0
105743,1,51,1389,124,0,25,21781.05,146582,153,30,0,0
105843,1,51,1405,124,0,25,21781.05,146582,153,30,0,0
105962,1,51,1397,124,0,25,21781.05,146582,153,30,0,0
106077,1,51,1420,124,0,25,21781.05,146582,153,30,0,0
106191,1,52,1411,124,0,25,21782.06,146582,153,30,0,0
106290,1,52,1408,124,0,25,21782.06,146582,153,30,0,0
106393,1,52,1437,124,0,25,21782.06,146582,153,30,0,0
106562,1,52,1431,124,0,25,21782.06,146582,153,30,0,0
106663,1,52,1429,124,0,25,21782.06,146582,153,30,0,0
106786,1,52,1428,124,0,25,21782.06,146582,153,30,0,0
106893,1,52,1429,124,0,25,21783.07,146582,153,30,0,0
106990,1,52,1459,123,0,25,21783.07,146582,153,30,0,0
107090,1,52,1459,123,0,25,21783.07,146582,153,30,0,0
107207,1,52,1427,123,0,25,21783.07,146582,153,30,0,0
107337,1,53,1427,123,0,25,21783.07,146582,153,30,0,0
107443,1,53,1455,123,0,25,21783.07,146582,153,30,0,0
107543,1,53,1464,123,0,25,21784.15,146582,153,30,0,0
107664,1,53,1466,123,0,25,21784.15,146582,153,30,0,0
107762,1,53,1467,122,0,25,21784.15,146582,153,30,0,0
107868,1,53,1469,122,0,25,21784.15,146582,153,30,0,0
107990,1,53,1468,122,0,25,21784.15,146582,153,30,0,0
108090,1,53,1468,122,0,25,21785.16,146582,153,30,0,0
108207,1,53,1459,122,0,25,21785.16,146582,153,30,0,0
108337,1,53,1453,122,0,25,21785.16,146582,153,30,0,0
108442,1,53,1479,122,0,25,21785.16,146582,153,31,0,0
108562,1,53,1476,122,0,25,21785.16,146582,153,31,0,0
108663,1,54,1445,122,0,25,21785.16,146582,153,31,0,0
108787,1,54,1481,122,0,25,21786.21,146582,153,31,0,0
108893,1,54,1486,122,0,25,21786.21,146582,153,31,0,0
108990,1,54,1490,122,0,25,21786.21,146582,153,31,0,0
109090,1,54,1494,122,0,25,21786.21,146582,153,31,0,0
109237,1,54,1496,122,0,25,21786.21,146582,153,31,0,0
109342,1,54,1473,122,0,25,21787.21,146582,153,31,0,0
109463,1,54,1479,121,0,25,21787.21,146582,153,31,0,0
109577,1,55,1483,121,0,25,21787.21,146582,153,31,0,0
109690,1,55,1481,119,0,25,21787.21,146582,153,31,0,0
109764,1,55,1511,119,0,25,21787.21,146582,153,31,0,0
109894,1,55,1507,117,0,25,21787.21,146582,153,31,0,0
109990,1,55,1504,115,0,25,21788.26,146582,153,31,0,0
110090,1,55,1531,109,0,25,21788.26,146582,153,31,0,0
110242,1,55,1507,96,0,25,21788.26,146582,153,31,0,0
110362,1,55,1532,96,0,25,21788.26,146582,153,31,0,0
110476,1,56,1517,96,0,25,21788.26,146582,153,32,0,0
110590,1,55,1509,95,0,25,21788.26,146582,153,32,0,0
110690,1,56,1504,93,0,25,21789.30,146582,153,32,0,0
110790,1,56,1534,91,0,25,21789.30,146582,153,32,0,0
110893,1,56,1530,90,0,25,21789.30,146582,153,32,0,0
111037,1,56,1522,89,0,25,21789.30,146582,153,32,0,0
111143,1,56,1533,89,0,25,21789.30,146582,153,32,0,0
111262,1,56,1530,88,0,25,21789.30,146582,153,32,0,0
111362,1,56,1504,88,0,25,21789.30,146582,153,32,0,0
111476,1,56,1540,88,0,25,21789.30,146582,153,32,0,0
111590,1,56,1514,87,0,25,21790.33,146582,153,32,0,0
111707,1,56,1550,87,0,25,21790.33,146582,153,32,0,0
111790,1,56,1553,88,0,25,21790.33,146582,153,32,0,0
111893,1,56,1524,88,0,25,21790.33,146582,153,32,0,0
112042,1,56,1563,95,0,25,21790.33,146582,153,32,0,0
112151,1,56,1543,95,0,25,21790.33,146582,153,32,0,0
112262,1,56,1548,93,0,25,21790.33,146582,153,32,0,0
112362,1,56,1556,93,0,25,21790.33,146582,153,32,0,0
112490,1,56,1561,92,0,25,21791.38,146582,153,33,0,0
112590,1,56,1565,91,0,25,21791.38,146582,153,33,0,0
112707,1,56,1566,89,0,25,21791.38,146582,153,33,0,0
112790,1,57,1566,89,0,25,21791.38,146582,153,33,0,0
112942,1,57,1554,89,0,25,21791.38,146582,153,33,0,0
113042,1,56,1545,88,0,25,21791.38,146582,153,33,0,0
113163,1,57,1539,88,0,25,21792.40,146582,153,33,0,0
113262,1,57,1536,88,0,25,21792.40,146582,153,33,0,0
113390,1,57,1567,88,0,25,21792.40,146582,153,33,0,0
113490,1,57,1564,88,0,25,21792.40,146582,153,33,0,0
113590,1,57,1562,88,0,25,21792.40,146582,153,33,0,0
113707,1,57,1567,88,0,25,21792.40,146582,153,33,0,0
113839,1,57,1537,88,0,25,21792.40,146582,153,33,0,0
113942,1,57,1563,88,0,25,21792.40,146582,153,33,0,0
114061,1,57,1562,88,0,25,21793.46,146582,153,33,0,0
114162,1,57,1561,88,0,25,21793.46,146582,153,33,0,0
114286,1,57,1598,88,0,25,21793.46,146582,153,33,0,0
114393,1,57,1569,88,0,25,21793.46,146582,153,33,0,0
114491,1,57,1571,88,0,25,21793.46,146582,153,33,0,0
114590,1,57,1574,87,0,25,21793.46,146582,153,33,0,0
114707,1,57,1576,84,0,25,21793.46,146582,153,33,0,0
114790,1,57,1576,79,0,25,21793.46,146582,153,33,0,0
114957,1,57,1590,68,0,25,21794.47,146582,153,33,0,0
115062,1,58,1572,63,0,25,21794.47,146582,153,33,0,0
115162,1,58,1572,60,0,25,21794.47,146582,153,33,0,0
115289,1,57,1597,58,0,25,21794.47,146582,153,33,0,0
115392,1,57,1585,55,0,25,21794.47,146582,153,33,0,0
115491,1,57,1584,54,0,25,21794.47,146582,153,33,0,0
115590,1,58,1580,53,0,25,21794.47,146582,153,33,0,0
115737,1,58,1582,53,0,25,21794.47,146582,153,33,0,0
115842,1,57,1582,53,0,25,21794.47,146582,153,33,0,0
115962,1,57,1584,53,0,25,21794.47,146582,153,33,0,0
116077,1,57,1586,53,0,25,21794.47,146582,153,33,0,0
116189,1,57,1587,53,0,25,21795.49,146582,153,33,0,0
116262,1,57,1559,53,0,25,21795.49,146582,153,33,0,0
116392,1,57,1596,53,0,25,21795.49,146582,153,33,0,0
116490,1,57,1599,53,0,25,21795.49,146582,153,33,0,0
116590,1,57,1569,53,0,25,21795.49,146582,153,33,0,0
116742,1,57,1539,53,0,25,21795.49,146582,153,34,0,0
116790,1,57,1571,53,0,25,21795.49,146582,153,34,0,0
116962,1,57,1572,53,0,25,21795.49,146582,153,34,0,0
117077,1,57,1574,53,0,25,21795.49,146582,153,34,0,0
117189,1,57,1542,53,0,25,21795.49,146582,153,34,0,0
117287,1,57,1575,53,0,25,21795.49,146582,153,34,0,0
117392,1,57,1576,53,0,25,21796.52,146582,153,34,0,0
117537,1,57,1575,54,0,25,21796.52,146582,153,34,0,0
117642,1,57,1571,54,0,25,21796.52,146582,153,34,0,0
117760,1,57,1574,58,0,25,21796.52,146582,153,34,0,0
117862,1,57,1577,61,0,25,21796.52,146582,153,34,0,0
117962,1,57,1583,64,0,25,21796.52,146582,153,34,0,0
118090,1,57,1598,65,0,25,21796.52,146582,153,34,0,0
118207,1,57,1547,65,0,25,21796.52,146582,153,34,0,0
118290,1,57,1553,65,0,25,21796.52,146582,153,34,0,0
118392,1,57,1558,65,0,25,21796.52,146582,153,34,0,0
118543,1,57,1561,65,0,25,21797.57,146582,153,34,0,0
118651,1,57,1561,65,0,25,21797.57,146582,153,34,0,0
118762,1,57,1586,65,0,25,21797.57,146582,153,34,0,0
118862,1,57,1583,65,0,25,21797.57,146582,153,34,0,0
118990,1,57,1550,65,0,25,21797.57,146582,153,34,0,0
119089,1,57,1579,66,0,25,21797.57,146582,153,34,0,0
119207,1,57,1577,66,0,25,21797.57,146582,153,34,0,0
119327,1,57,1577,66,0,25,21797.57,146582,153,34,0,0
119442,1,57,1583,66,0,25,21797.57,146582,153,34,0,0
119542,1,57,1585,66,0,25,21798.58,146582,153,35,0,0
119662,1,58,1587,66,0,25,21798.58,146582,153,35,0,0
119762,1,58,1583,66,0,25,21798.58,146582,153,35,0,0
119892,1,57,1579,66,0,25,21798.58,146582,153,35,0,0
119989,1,57,1578,66,0,25,21798.58,146582,153,35,0,0
120089,1,57,1582,66,0,25,21798.58,146582,153,35,0,0
120207,1,57,1585,66,0,25,21798.58,146582,153,35,0,0
120289,1,58,1586,66,0,25,21798.58,146582,153,35,0,0
120442,1,58,1589,66,0,25,21798.58,146582,153,35,0,0
120561,1,58,1587,66,0,25,21799.60,146582,153,35,0,0
120662,1,58,1582,66,0,25,21799.60,146582,153,35,0,0
120787,1,58,1581,66,0,25,21799.60,146582,153,35,0,0
120892,1,58,1579,66,0,25,21799.60,146582,153,35,0,0
120989,1,58,1581,66,0,25,21799.60,146582,153,35,0,0
121089,1,58,1586,66,0,25,21799.60,146582,153,35,0,0
121207,1,58,1586,66,0,25,21799.60,146582,153,35,0,0
121347,1,58,1589,70,0,25,21799.60,146582,153,35,0,0
121457,1,58,1585,72,0,25,21799.60,146582,153,35,0,0
121561,1,58,1591,72,0,25,21800.62,146582,153,35,0,0
121662,1,58,1569,72,0,25,21800.62,146582,153,35,0,0
121789,1,58,1576,73,0,25,21800.62,146582,153,35,0,0
121892,1,58,1580,73,0,25,21800.62,146582,153,35,0,0
121989,1,58,1583,73,0,25,21800.62,146582,153,35,0,0
122089,1,58,1618,73,0,25,21800.62,146582,153,35,0,0
122242,1,58,1611,70,0,25,21800.62,146582,153,35,0,0
122342,1,58,1608,70,0,25,21800.62,146582,153,35,0,0
122463,1,58,1604,70,0,25,21801.65,146582,153,35,0,0
122576,1,58,1606,73,0,25,21801.65,146582,153,35,0,0
122689,1,59,1602,74,0,25,21801.65,146582,153,35,0,0
122789,1,59,1604,75,0,25,21801.65,146582,153,36,0,0
122892,1,59,1608,77,0,25,21801.65,146582,153,36,0,0
122989,1,59,1607,77,0,25,21801.65,146582,153,36,0,0
123142,1,59,1622,77,0,25,21801.65,146582,153,36,0,0
123242,1,59,1623,48,0,25,21801.65,146582,153,36,0,0
123361,1,59,1574,43,0,25,21802.68,146582,153,36,0,0
123476,1,59,1610,43,0,25,21802.68,146582,153,36,0,0
123586,1,59,1604,39,0,25,21802.68,146582,153,36,0,0
123689,1,59,1615,21,0,25,21802.68,146582,153,36,0,0
123789,1,59,1585,10,0,25,21802.68,146582,153,36,0,0
123892,1,59,1581,3,0,25,21802.68,146582,153,36,0,0
124036,1,58,1624,0,0,25,21802.68,146582,153,36,0,0
124142,1,58,1593,0,0,25,21802.68,146582,153,36,0,0
124242,1,58,1598,0,0,25,21802.68,146582,153,36,0,0
124345,1,58,1570,0,0,25,21802.68,146582,153,36,0,0
124475,1,58,1572,0,0,25,21802.68,146582,153,36,0,0
124590,1,58,1572,0,0,25,21802.68,146582,153,36,0,0
124706,1,58,1571,0,0,25,21802.68,146582,153,36,0,0
124761,1,58,1539,0,0,25,21802.68,146582,153,36,0,0
124892,1,57,1587,0,0,25,21802.68,146582,153,36,0,0
125042,1,57,1573,0,0,25,21802.68,146582,153,36,0,0
125152,1,57,1541,0,0,25,21802.68,146582,153,36,0,0
125261,1,57,1560,0,0,25,21802.68,146582,153,36,0,0
125364,1,57,1556,0,0,25,21802.68,146582,153,36,0,0
125490,1,57,1560,0,0,25,21802.68,146582,153,36,0,0
125589,1,56,1547,0,0,25,21802.68,146582,153,36,0,0
125706,1,56,1547,0,0,25,21802.68,146582,153,36,0,0
125786,1,56,1547,11,0,25,21802.68,146582,153,36,0,0
125936,1,56,1559,16,0,25,21802.68,146582,153,36,0,0
126042,1,56,1517,16,0,25,21802.68,146582,153,36,0,0
126161,1,56,1554,16,0,25,21802.68,146582,153,36,0,0
126261,1,56,1525,14,0,25,21802.68,146582,153,36,0,0
126363,1,56,1527,8,0,25,21802.68,146582,153,36,0,0
126490,1,56,1561,5,0,25,21802.68,146582,153,36,0,0
126589,1,56,1522,5,0,25,21802.68,146582,153,36,0,0
126706,1,56,1512,5,0,25,21803.69,146582,153,36,0,0
126831,1,56,1508,5,0,25,21803.69,146582,153,36,0,0
126943,1,56,1508,5,0,25,21803.69,146582,153,36,0,0
127042,1,55,1508,5,0,25,21803.69,146582,153,36,0,0
127161,1,55,1508,5,0,25,21803.69,146582,153,36,0,0
127261,1,55,1508,7,0,25,21803.69,146582,153,36,0,0
127393,1,55,1507,27,0,25,21803.69,146582,153,36,0,0
127490,1,55,1483,32,0,25,21803.69,146582,150,36,0,0
127589,1,54,1515,33,0,25,21803.69,146582,150,36,0,0
127706,1,54,1474,33,0,25,21803.69,146582,150,36,0,0
127842,1,54,1483,34,0,25,21803.69,146582,150,36,0,0
127956,1,54,1481,34,0,25,21803.69,146582,150,36,0,0
128061,1,54,1479,34,0,25,21803.69,146582,150,36,0,0
128161,1,54,1480,34,0,25,21803.69,146582,150,36,0,0
128289,1,54,1481,34,0,25,21803.69,146582,150,36,0,0
128394,1,54,1482,34,0,25,21803.69,146582,150,36,0,0
128496,1,54,1483,33,0,25,21803.69,146582,150,36,0,0
128589,1,54,1452,30,0,25,21803.69,146582,150,36,0,0
128742,1,54,1447,21,0,25,21804.72,146582,150,36,0,0
128789,1,54,1447,21,0,25,21804.72,146582,150,36,0,0
128961,1,53,1469,0,0,25,21804.72,146582,150,36,0,0
129076,1,53,1419,0,0,25,21804.72,146582,150,36,0,0
129186,1,53,1452,0,0,25,21804.72,146582,150,36,0,0
129289,1,53,1454,0,0,25,21804.72,146582,150,36,0,0
129392,1,53,1447,0,0,25,21804.72,146582,150,36,0,0
129490,1,53,1436,0,0,25,21804.72,146582,150,36,0,0
129589,1,53,1467,0,0,25,21804.72,146582,150,36,0,0
129742,1,52,1436,0,0,25,21804.72,146582,150,36,0,0
129842,1,52,1436,0,0,25,21804.72,146582,150,36,0,0
129962,1,52,1435,0,0,25,21804.72,146582,150,36,0,0
130076,1,52,1435,0,0,25,21804.72,146582,150,36,0,0
130192,1,51,1434,0,0,25,21804.72,146582,150,36,0,0
130289,1,51,1433,2,0,25,21804.72,146582,150,36,0,0
130392,1,51,1401,23,0,25,21804.72,146582,150,36,0,0
130490,1,51,1436,35,0,25,21804.72,146582,150,36,0,0
130642,1,51,1397,41,0,25,21804.72,146582,150,36,0,0
130742,1,51,1432,42,0,25,21804.72,146582,150,36,0,0
130864,1,51,1398,44,0,25,21804.72,146582,150,36,0,0
130961,1,50,1390,44,0,25,21804.72,146582,150,36,0,0
131091,1,50,1390,44,0,25,21805.73,146582,150,36,0,0
131189,1,50,1385,44,0,25,21805.73,146582,150,36,0,0
131289,1,50,1353,38,0,25,21805.73,146582,150,36,0,0
131392,1,50,1386,30,0,25,21805.73,146582,150,36,0,0
131542,1,50,1361,26,0,25,21805.73,146582,150,37,0,0
131651,1,50,1348,21,0,25,21805.73,146582,150,37,0,0
131762,1,49,1348,11,0,25,21805.73,146582,150,37,0,0
131861,1,49,1370,0,0,25,21805.73,146582,150,37,0,0
131989,1,49,1314,0,0,25,21805.73,146582,150,37,0,0
132089,1,49,1375,0,0,25,21805.73,146582,150,37,0,0
132206,1,49,1319,0,0,25,21805.73,146582,150,37,0,0
132289,1,49,1315,0,0,25,21805.73,146582,150,37,0,0
132436,1,49,1337,0,0,25,21805.73,146582,150,37,0,0
132542,1,49,1336,0,0,25,21805.73,146582,150,37,0,0
132662,1,48,1336,0,0,25,21805.73,146582,150,37,0,0
132761,1,48,1336,0,0,25,21805.73,146582,150,37,0,0
132862,1,48,1334,0,0,25,21805.73,146582,150,37,0,0
132989,1,48,1302,0,14,25,21805.73,146582,150,37,0,0
133089,1,47,1301,0,18,25,21805.73,146582,150,37,0,0
133206,1,47,1300,0,20,25,21805.73,146582,150,37,0,0
133289,1,47,1300,0,26,25,21805.73,146582,150,37,0,0
133443,1,47,1267,0,34,25,21805.73,146582,150,37,0,0
133542,1,46,1266,0,48,25,21805.73,146582,150,37,0,0
133662,1,45,1234,0,60,25,21805.73,146582,150,37,0,0
133761,1,45,1233,0,64,25,21806.73,146582,150,37,0,0
133893,1,44,1201,0,64,25,21806.73,146582,150,37,0,0
133989,1,44,1200,0,64,25,21806.73,146582,150,37,0,0
134089,1,43,1167,0,64,25,21806.73,146582,150,37,0,0
134206,1,42,1103,0,68,25,21806.73,146582,150,37,0,0
134342,1,42,1077,0,64,25,21806.73,146582,150,37,0,0
134442,1,42,1083,0,66,25,21806.73,146582,150,37,0,0
134561,1,41,1061,0,68,25,21806.73,146582,150,37,0,0
134662,1,40,1070,0,64,25,21806.73,146582,150,37,0,0
134789,1,40,1106,0,66,25,21806.73,146582,150,37,0,0
134892,1,39,1084,0,68,25,21806.73,146582,150,37,0,0
134989,1,39,1114,0,68,25,21806.73,146582,150,37,0,0
135089,1,38,1094,0,68,25,21806.73,146582,150,37,0,0
135236,1,37,1100,0,70,25,21806.73,146582,150,37,0,0
135342,1,37,1089,0,68,25,21806.73,146582,150,37,0,0
135461,1,36,1090,0,72,25,21806.73,146582,150,37,0,0
135576,1,35,1090,0,70,25,21806.73,146582,150,37,0,0
135686,1,35,1091,0,70,25,21806.73,146582,150,37,0,0
135788,1,34,1092,0,74,25,21806.73,146582,150,37,0,0
135892,1,34,1125,0,72,25,21806.73,146582,150,37,0,0
135989,1,33,1156,0,74,25,21806.73,146582,150,37,0,0
136106,1,32,1183,0,70,25,21806.73,146582,150,37,0,0
136242,1,31,1266,0,70,25,21806.73,146582,150,37,0,0
136289,1,31,1330,0,66,25,21806.73,146582,150,37,0,0
136464,1,29,1487,0,64,25,21806.73,146582,150,37,0,0
136576,1,28,1651,0,64,25,21806.73,146582,150,37,0,0
136693,1,28,1815,0,62,25,21806.73,146582,150,37,0,0
136791,1,27,1916,0,58,25,21806.73,146582,150,37,0,0
136892,1,26,1952,0,50,25,21806.73,146582,150,37,0,0
136989,1,25,1920,0,46,25,21806.73,146582,150,37,0,0
137142,1,25,1856,0,38,25,21806.73,146582,150,37,0,0
137261,1,24,1824,0,32,25,21806.73,146582,150,37,0,0
137362,1,24,1792,0,28,25,21806.73,146582,150,37,0,0
137475,1,23,1760,0,24,25,21806.73,146582,150,37,0,0
137589,1,23,1728,0,18,25,21806.73,146582,150,37,0,0
137706,1,22,1664,0,4,25,21806.73,146582,150,37,0,0
137761,1,22,1664,0,4,25,21806.73,146582,150,37,0,0
137892,1,22,1632,0,0,25,21806.73,146582,150,37,0,0
138041,1,21,1568,0,0,25,21806.73,146582,150,37,0,0
138150,1,21,1568,0,2,25,21806.73,146582,150,37,0,0
138261,1,20,1536,0,0,25,21806.73,146582,150,37,0,0
138362,1,20,1504,0,0,25,21806.73,146582,150,37,0,0
138489,1,19,1472,8,0,25,21806.73,146582,150,38,0,0
138589,1,19,1440,28,0,25,21806.73,146582,150,38,0,0
138706,1,19,1495,43,0,25,21806.73,146582,150,38,0,0
138786,1,19,1490,51,0,25,21806.73,146582,150,38,0,0
138936,1,19,1471,67,0,25,21807.75,146582,150,38,0,0
139041,1,19,1457,70,0,25,21807.75,146582,150,38,0,0
139161,1,19,1440,70,0,25,21807.75,146582,150,38,0,0
139261,1,19,1419,70,0,25,21807.75,146582,150,38,0,0
139362,1,19,1416,70,0,25,21807.75,146582,150,38,0,0
139489,1,19,1444,70,0,25,21807.75,146582,150,38,0,0
139589,1,19,1409,70,0,25,21807.75,146582,150,38,0,0
139706,1,19,1471,70,0,25,21807.75,146582,150,38,0,0
139789,1,19,1468,72,0,25,21808.79,146582,150,38,0,0
139941,1,19,1448,87,0,25,21808.79,146582,150,38,0,0
140041,1,19,1491,90,0,25,21808.79,146582,150,38,0,0
140161,1,19,1472,90,0,25,21808.79,146582,150,38,0,0
140261,1,20,1523,91,0,25,21808.79,146582,150,38,0,0
140392,1,20,1517,95,0,25,21808.79,146582,150,38,0,0
140489,1,20,1517,102,0,25,21808.79,146582,150,38,0,0
140589,1,20,1567,102,0,25,21809.80,146582,150,38,0,0
140706,1,20,1585,102,0,25,21809.80,146582,150,38,0,0
140789,1,21,1595,102,0,25,21809.80,146582,150,38,0,0
140956,1,21,1607,103,0,25,21809.80,146582,150,38,0,0
141061,1,21,1645,104,0,25,21809.80,146582,150,38,0,0
141161,1,22,1681,106,0,25,21810.83,146582,150,38,0,0
141289,1,22,1720,109,0,25,21810.83,146582,150,38,0,0
141392,1,22,1729,113,0,25,21810.83,146582,150,38,0,0
141492,1,22,1772,116,0,25,21810.83,146582,150,38,0,0
141590,1,23,1815,117,0,25,21810.83,146582,150,38,0,0
141741,1,24,1829,117,0,25,21811.89,146582,150,38,0,0
141847,1,24,1847,117,0,25,21811.89,146582,150,38,0,0
141961,1,25,1901,117,0,25,21811.89,146582,150,38,0,0
142061,1,25,1939,117,0,25,21811.89,146582,150,38,0,0
142186,1,26,1974,117,0,25,21811.89,146582,150,38,0,0
142261,1,26,2009,117,0,25,21812.90,146582,150,38,0,0
142392,1,27,2048,117,0,25,21812.90,146582,150,38,0,0
142491,1,27,2082,117,0,25,21812.90,146582,150,38,0,0
142589,1,28,2118,117,0,25,21812.90,146582,150,38,0,0
142744,1,28,2158,117,0,25,21813.96,146582,150,38,0,0
142789,1,28,2190,117,0,25,21813.96,146582,150,38,0,0
142961,1,29,2233,117,0,25,21813.96,146582,150,38,0,0
143076,1,30,2270,114,0,25,21813.96,146582,150,38,0,0
143193,1,30,2306,111,0,25,21815.06,146582,150,38,0,0
143289,1,31,2341,107,0,25,21815.06,146582,150,38,0,0
143392,1,31,2373,104,0,25,21815.06,146582,150,38,0,0
143490,1,31,2428,98,0,25,21816.06,146582,150,38,0,0
143641,1,32,2387,74,0,25,21816.06,146582,150,38,0,0
143741,1,32,2253,0,0,25,21816.06,146582,150,38,0,0
143861,1,32,2218,0,0,25,21816.06,146582,150,38,0,0
143961,1,31,2054,0,0,25,21816.06,146582,150,38,0,0
144089,1,32,1792,0,0,25,21816.06,146582,150,38,0,0
144206,1,31,1701,0,0,25,21816.06,146582,150,38,0,0
144261,1,31,1692,19,0,25,21816.06,146582,150,38,0,0
144392,1,31,1672,63,0,25,21816.06,146582,150,38,0,0
144542,1,31,1678,109,0,25,21816.06,146582,150,38,0,0
144650,1,31,1679,116,0,25,21816.06,146582,150,38,0,0
144761,1,31,1681,118,0,25,21817.09,146582,150,38,0,0
144870,1,31,1710,120,0,25,21817.09,146582,150,38,0,0
144989,1,32,1718,120,0,25,21817.09,146582,150,38,0,0
145089,1,32,1730,122,0,25,21817.09,146582,150,38,0,0
145206,1,33,1744,122,0,25,21818.17,146582,150,38,0,0
145286,1,33,1787,122,0,25,21818.17,146582,150,38,0,0
145441,1,33,1774,122,0,25,21818.17,146582,150,38,0,0
145541,1,34,1820,122,0,25,21818.17,146582,150,38,0,0
145662,1,34,1853,122,0,25,21819.23,146582,150,38,0,0
145761,1,35,1848,122,0,25,21819.23,146582,150,38,0,0
145889,1,35,1876,122,0,25,21819.23,146582,150,38,0,0
145998,1,35,1903,122,0,25,21819.23,146582,150,38,0,0
146089,1,36,1900,122,0,25,21820.26,146582,150,38,0,0
146206,1,36,1930,122,0,25,21820.26,146582,150,38,0,0
146336,1,36,1929,122,0,25,21820.26,146582,150,38,0,0
146441,1,36,1958,122,0,25,21820.26,146582,150,38,0,0
146562,1,37,1956,123,0,25,21821.26,146582,150,38,0,0
146661,1,37,1991,123,0,25,21821.26,146582,150,38,0,0
146761,1,38,2023,125,0,25,21821.26,146582,150,38,0,0
146891,1,38,2039,125,0,25,21821.26,146582,150,38,0,0
147094,1,39,2060,125,0,25,21822.29,146582,150,38,0,0
147206,1,39,2100,125,0,25,21822.29,146582,150,38,0,0
147290,1,39,2106,125,0,25,21822.29,146582,150,38,0,0
147441,1,40,2117,125,0,25,21823.39,146582,150,38,0,0
147561,1,40,2122,125,0,25,21823.39,146582,150,38,0,0
147661,1,41,2162,125,0,25,21823.39,146582,150,38,0,0
147785,1,41,2200,122,0,25,21823.39,146582,150,38,0,0
147894,1,41,2204,116,0,25,21824.43,146582,150,38,0,0
147989,1,42,2239,112,0,25,21824.43,146582,150,39,0,0
148093,1,42,2235,99,0,25,21824.43,146582,150,39,0,0
148235,1,42,2156,0,0,25,21824.43,146582,150,39,0,0
148290,1,42,2065,0,0,25,21825.44,146582,150,39,0,0
148461,1,42,1952,0,0,25,21825.44,146582,150,39,0,0
148575,1,41,1792,0,0,25,21825.44,146582,150,39,0,0
148685,1,41,1667,0,0,25,21825.44,146582,150,39,0,0
148790,1,41,1653,30,0,25,21825.44,146582,150,39,0,0
148891,1,41,1715,91,0,25,21825.44,146582,150,39,0,0
148989,1,41,1636,109,0,25,21825.44,146582,150,39,0,0
149089,1,41,1654,113,0,25,21825.44,146582,150,39,0,0
149241,1,41,1640,114,0,25,21825.44,146582,150,39,0,0
149360,1,41,1642,115,0,25,21825.44,146582,150,39,0,0
149461,1,41,1678,119,0,25,21825.44,146582,150,39,0,0
149576,1,41,1663,120,0,25,21826.49,146582,150,39,0,0
149692,1,42,1674,120,0,25,21826.49,146582,150,39,0,0
149765,1,42,1681,120,0,25,21826.49,146582,150,39,0,0
149891,1,42,1686,120,0,25,21826.49,146582,150,39,0,0
149989,1,42,1692,120,0,25,21826.49,146582,150,39,0,0
150141,1,42,1719,120,0,25,21827.55,146582,150,39,0,0
150241,1,43,1711,120,0,25,21827.55,146582,150,39,0,0
150361,1,43,1708,120,0,25,21827.55,146582,150,39,0,0
150475,1,43,1735,120,0,25,21827.55,146582,150,39,0,0
150590,1,43,1731,120,0,25,21828.60,146582,150,39,0,0
150706,1,44,1728,120,0,25,21828.60,146582,150,39,0,0
150789,1,44,1758,120,0,25,21828.60,146582,150,39,0,0
150891,1,44,1788,120,0,25,21828.60,146582,150,39,0,0
151042,1,44,1785,119,0,25,21829.61,146582,150,39,0,0
151150,1,44,1781,119,0,25,21829.61,146582,150,39,0,0
151261,1,45,1779,119,0,25,21829.61,146582,150,39,0,0
151380,1,45,1778,119,0,25,21829.61,146582,150,39,0,0
151493,1,45,1807,118,0,25,21829.61,146582,150,39,0,0
151593,1,45,1814,118,0,25,21830.69,146582,150,39,0,0
151706,1,45,1818,118,0,25,21830.69,146582,150,39,0,0
151790,1,46,1792,118,0,25,21830.69,146582,150,39,0,0
151941,1,46,1829,117,0,25,21830.69,146582,150,39,0,0
152041,1,46,1831,117,0,25,21830.69,146582,150,39,0,0
152161,1,46,1824,117,0,25,21831.71,146582,150,39,0,0
152276,1,46,1854,116,0,25,21831.71,146582,150,39,0,0
152391,1,47,1885,116,0,25,21831.71,146582,150,39,0,0
152490,1,47,1883,116,0,25,21831.71,146582,150,39,0,0
152589,1,47,1883,116,0,25,21832.72,146582,150,39,0,0
152706,1,47,1894,116,0,25,21832.72,146582,150,39,0,0
152841,1,47,1902,115,0,25,21832.72,146582,150,39,0,0
152955,1,48,1907,115,0,25,21832.72,146582,150,39,0,0
153061,1,48,1908,115,0,25,21832.72,146582,150,39,0,0
153161,1,48,1909,114,0,25,21833.77,146582,150,39,0,0
153289,1,48,1931,114,0,25,21833.77,146582,150,39,0,0
153391,1,48,1929,113,0,25,21833.77,146582,150,39,0,0
153492,1,49,1926,113,0,25,21833.77,146582,150,39,0,0
153589,1,49,1923,113,0,25,21834.81,146582,150,39,0,0
153741,1,49,1967,113,0,25,21834.81,146582,150,39,0,0
153843,1,49,1971,113,0,25,21834.81,146582,150,39,0,0
153960,1,49,1972,113,0,25,21834.81,146582,150,39,0,0
154076,1,50,1973,113,0,25,21834.81,146582,150,39,0,0
154161,1,50,1996,113,0,25,21835.87,146582,150,39,0,0
154289,1,50,1995,113,0,25,21835.87,146582,150,39,0,0
154391,1,50,2003,113,0,25,21835.87,146582,150,39,0,0
154492,1,50,2008,113,0,25,21835.87,146582,150,39,0,0
154641,1,50,2014,113,0,25,21836.94,146582,150,39,0,0
154741,1,51,2046,0,0,25,21836.94,146582,150,40,0,0
154865,1,51,1861,0,0,25,21836.94,146582,150,40,0,0
154960,1,50,1813,0,0,25,21836.94,146582,150,40,0,0
155089,1,50,1665,0,0,25,21836.94,146582,150,40,0,0
155191,1,50,1601,0,0,25,21836.94,146582,150,40,0,0
155289,1,50,1563,0,0,25,21836.94,146582,150,40,0,0
155391,1,49,1508,0,0,25,21836.94,146582,150,40,0,0
155541,1,49,1452,8,0,25,21836.94,146582,150,40,0,0
155650,1,49,1454,66,0,25,21836.94,146582,150,40,0,0
155762,1,49,1635,107,0,25,21836.94,146582,150,40,0,0
155863,1,49,1566,119,0,25,21836.94,146582,150,40,0,0
155990,1,49,1568,126,0,25,21838.01,146582,150,40,0,0
156089,1,49,1586,134,0,25,21838.01,146582,150,40,0,0
156205,1,49,1587,135,0,25,21838.01,146582,150,40,0,0
156289,1,49,1586,135,0,25,21838.01,146582,150,40,0,0
156441,1,49,1581,135,0,25,21838.01,146582,150,40,0,0
156541,1,49,1569,135,0,25,21839.04,146582,150,40,0,0
156661,1,50,1582,135,0,25,21839.04,146582,150,40,0,0
156760,1,50,1626,135,0,25,21839.04,146582,150,40,0,0
156891,1,50,1625,135,0,25,21839.04,146582,150,40,0,0
156989,1,50,1600,135,0,25,21840.12,146582,150,40,0,0
157090,1,50,1615,135,0,25,21840.12,146582,150,40,0,0
157205,1,50,1631,135,0,25,21840.12,146582,150,41,0,0
157289,1,51,1651,135,0,25,21840.12,146582,150,41,0,0
157441,1,51,1615,135,0,25,21841.21,146582,150,41,0,0
157560,1,51,1642,135,0,25,21841.21,146582,147,41,0,0
157661,1,51,1639,135,0,25,21841.21,146582,147,41,0,0
157789,1,51,1634,135,0,25,21841.21,146582,147,41,0,0
157891,1,51,1632,135,0,25,21841.21,146582,147,41,0,0
157990,1,51,1661,135,0,25,21842.24,146582,147,41,0,0
158089,1,52,1657,135,0,25,21842.24,146582,147,41,0,0
158241,1,52,1632,135,0,25,21842.24,146582,147,41,0,0
158349,1,52,1666,134,0,25,21842.24,146582,147,41,0,0
158461,1,52,1670,133,0,25,21843.25,146582,147,41,0,0
158580,1,52,1670,133,0,25,21843.25,146582,147,41,0,0
158691,1,52,1665,133,0,25,21843.25,146582,147,41,0,0
158790,1,52,1690,133,0,25,21843.25,146582,147,41,0,0
158891,1,52,1687,133,0,25,21843.25,146582,147,41,0,0
158989,1,53,1685,133,0,25,21844.27,146582,147,41,0,0
159141,1,53,1664,133,0,25,21844.27,146582,147,41,0,0
159241,1,53,1698,132,0,25,21844.27,146582,147,41,0,0
159360,1,53,1699,130,0,25,21844.27,146582,147,41,0,0
159474,1,53,1727,126,0,25,21845.28,146582,147,41,0,0
159589,1,53,1720,122,0,25,21845.28,146582,147,41,0,0
159705,1,53,1715,120,0,25,21845.28,146582,147,42,0,0
159789,1,53,1715,117,0,25,21845.28,146582,147,42,0,0
159892,1,53,1717,117,0,25,21845.28,146582,147,42,0,0
160041,1,54,1709,115,0,25,21846.37,146582,147,42,0,0
160149,1,54,1736,115,0,25,21846.37,146582,147,42,0,0
160260,1,54,1724,111,0,25,21846.37,146582,147,42,0,0
160360,1,54,1724,110,0,25,21846.37,146582,147,42,0,0
160492,1,54,1739,103,0,25,21846.37,146582,147,42,0,0
160589,1,54,1742,96,0,25,21847.39,146582,147,42,0,0
160705,1,54,1728,93,0,25,21847.39,146582,147,42,0,0
160793,1,54,1736,93,0,25,21847.39,146582,147,42,0,0
160941,1,54,1746,91,0,25,21847.39,146582,147,42,0,0
161041,1,54,1729,90,0,25,21847.39,146582,147,42,0,0
161160,1,54,1758,87,0,25,21847.39,146582,147,42,0,0
161260,1,54,1726,83,0,25,21847.39,146582,147,42,0,0
161395,1,54,1714,79,0,25,21848.45,146582,147,42,0,0
161490,1,54,1701,69,0,25,21848.45,146582,147,42,0,0
161589,1,54,1712,58,0,25,21848.45,146582,147,42,0,0
161705,1,53,1701,24,0,25,21848.45,146582,147,42,0,0
161841,1,53,1710,0,0,25,21848.45,146582,147,42,0,0
161955,1,53,1686,0,0,25,21848.45,146582,147,42,0,0
162065,1,53,1651,0,0,25,21848.45,146582,147,42,0,0
162160,1,52,1684,0,0,25,21848.45,146582,147,42,0,0
162290,1,52,1655,0,0,25,21848.45,146582,147,42,0,0
162391,1,52,1658,0,0,25,21848.45,146582,147,42,0,0
162492,1,51,1659,0,0,25,21848.45,146582,147,42,0,0
162590,1,51,1628,0,0,25,21848.45,146582,147,42,0,0
162741,1,51,1629,11,0,25,21848.45,146582,147,42,0,0
162841,1,50,1615,43,0,25,21848.45,146582,147,42,0,0
162960,1,50,1605,52,0,25,21848.45,146582,147,42,0,0
163075,1,50,1605,55,0,25,21848.45,146582,147,42,0,0
163190,1,49,1595,57,0,25,21849.48,146582,147,42,0,0
163290,1,49,1594,57,0,25,21849.48,146582,147,42,0,0
163391,1,49,1582,57,0,25,21849.48,146582,147,42,0,0
163491,1,49,1593,57,0,25,21849.48,146582,147,42,0,0
163590,1,49,1585,52,0,25,21849.48,146582,147,42,0,0
163741,1,49,1548,33,0,25,21849.48,146582,147,42,0,0
163860,1,48,1549,18,0,25,21849.48,146582,147,42,0,0
163961,1,48,1538,3,0,25,21849.48,146582,147,42,0,0
164085,1,48,1556,0,0,25,21849.48,146582,147,43,0,0
164191,1,48,1518,0,0,25,21849.48,146582,147,43,0,0
164268,1,47,1521,0,0,25,21849.48,146582,147,43,0,0
164391,1,47,1483,0,0,25,21849.48,146582,147,43,0,0
164535,1,47,1477,0,0,25,21849.48,146582,147,43,0,0
164649,1,47,1501,0,0,25,21849.48,146582,147,43,0,0
164760,1,46,1500,0,0,25,21849.48,146582,147,43,0,0
164860,1,46,1500,0,0,25,21849.48,146582,147,43,0,0
164985,1,46,1467,0,0,25,21850.49,146582,147,43,0,0
165090,1,46,1467,0,0,25,21850.49,146582,147,43,0,0
165205,1,45,1467,0,0,25,21850.49,146582,147,43,0,0
165290,1,45,1467,0,0,25,21850.49,146582,147,43,0,0
165435,1,45,1436,0,0,25,21850.49,146582,147,43,0,0
165541,1,45,1436,0,0,25,21850.49,146582,147,43,0,0
165661,1,44,1436,0,0,25,21850.49,146582,147,43,0,0
165760,1,44,1436,0,0,25,21850.49,146582,147,43,0,0
165888,1,44,1437,0,0,25,21850.49,146582,147,43,0,0
165989,1,43,1404,0,0,25,21850.49,146582,147,43,0,0
166089,1,43,1404,0,0,25,21850.49,146582,147,43,0,0
166205,1,43,1404,0,0,25,21850.49,146582,147,44,0,0
166290,1,43,1372,0,0,25,21850.49,146582,147,44,0,0
166441,1,43,1373,0,0,25,21850.49,146582,147,44,0,0
166560,1,42,1374,0,0,25,21850.49,146582,147,44,0,0
166661,1,42,1375,0,0,25,21850.49,146582,147,44,0,0
166785,1,42,1344,0,0,25,21850.49,146582,147,44,0,0
166891,1,42,1313,0,0,25,21850.49,146582,147,44,0,0
166989,1,42,1313,0,0,25,21850.49,146582,147,44,0,0
167090,1,41,1315,0,0,25,21850.49,146582,147,44,0,0
167235,1,41,1316,0,0,25,21850.49,146582,147,44,0,0
167290,1,41,1318,0,0,25,21850.49,146582,147,44,0,0
167460,1,41,1286,0,0,25,21850.49,146582,147,44,0,0
167560,1,41,1287,0,0,25,21850.49,146582,147,44,0,0
167685,1,40,1287,0,0,25,21850.49,146582,147,44,0,0
167785,1,40,1288,0,0,25,21850.49,146582,147,44,0,0
167893,1,40,1259,0,0,25,21850.49,146582,147,44,0,0
167993,1,40,1259,0,0,25,21850.49,146582,147,44,0,0
168093,1,39,1260,0,0,25,21850.49,146582,147,44,0,0
168245,1,39,1266,0,0,25,21851.51,146582,147,44,0,0
168343,1,39,1269,0,0,25,21851.51,146582,147,44,0,0
168474,1,39,1238,0,0,25,21851.51,146582,147,44,0,0
168585,1,39,1239,0,0,25,21851.51,146582,147,44,0,0
168693,1,38,1239,0,0,25,21851.51,146582,147,44,0,0
168793,1,38,1239,0,0,25,21851.51,146582,147,44,0,0
168894,1,38,1240,0,0,25,21851.51,146582,147,44,0,0
169035,1,38,1243,0,0,25,21851.51,146582,147,45,0,0
169144,1,38,1245,0,0,25,21851.51,146582,147,45,0,0
169260,1,38,1213,0,0,25,21851.51,146582,147,45,0,0
169368,1,38,1214,0,0,25,21851.51,146582,147,45,0,0
169486,1,37,1186,0,0,25,21851.51,146582,147,45,0,0
169593,1,37,1193,0,0,25,21851.51,146582,147,45,0,0
169705,1,37,1162,3,0,25,21851.51,146582,147,45,0,0
169793,1,37,1162,11,0,25,21851.51,146582,147,45,0,0
169935,1,37,1210,20,0,25,21851.51,146582,147,45,0,0
170043,1,36,1195,24,0,25,21851.51,146582,147,45,0,0
170160,1,36,1177,24,0,25,21851.51,146582,147,45,0,0
170265,1,36,1176,25,0,25,21851.51,146582,147,45,0,0
170388,1,36,1154,21,0,25,21852.52,146582,147,45,0,0
170494,1,36,1162,0,0,25,21852.52,146582,147,45,0,0
170593,1,36,1151,0,0,25,21852.52,146582,147,45,0,0
170705,1,36,1138,0,0,25,21852.52,146582,147,45,0,0
170793,1,36,1124,0,0,25,21852.52,146582,147,45,0,0
170943,1,36,1149,0,0,25,21852.52,146582,147,45,0,0
171060,1,35,1136,0,0,25,21852.52,146582,147,45,0,0
171160,1,35,1137,0,0,25,21852.52,146582,147,45,0,0
171285,1,35,1144,0,0,25,21852.52,146582,147,45,0,0
171394,1,35,1149,0,2,25,21852.52,146582,147,45,0,0
171494,1,35,1151,0,0,25,21852.52,146582,147,45,0,0
171593,1,35,1150,0,10,25,21852.52,146582,147,45,0,0
171705,1,35,1151,0,10,25,21852.52,146582,147,45,0,0
171793,1,35,1146,0,16,25,21852.52,146582,147,45,0,0
171960,1,35,1141,0,16,25,21852.52,146582,147,45,0,0
172060,1,35,1092,0,16,25,21853.52,146582,147,45,0,0
172160,1,35,1108,0,20,25,21853.52,146582,147,45,0,0
172293,1,34,1107,0,16,25,21853.52,146582,147,45,0,0
172393,1,34,1109,0,20,25,21853.52,146582,147,45,0,0
172493,1,34,1115,0,20,25,21853.52,146582,147,45,0,0
172593,1,34,1117,0,18,25,21853.52,146582,147,45,0,0
172743,1,34,1078,0,18,25,21853.52,146582,147,45,0,0
172860,1,33,1110,0,18,25,21853.52,146582,147,45,0,0
172960,1,34,1082,0,18,25,21853.52,146582,147,45,0,0
173085,1,33,1084,0,18,25,21853.52,146582,147,45,0,0
173194,1,33,1085,0,18,25,21853.52,146582,147,45,0,0
173293,1,33,1084,0,18,25,21853.52,146582,147,45,0,0
173393,1,33,1077,0,20,25,21853.52,146582,147,45,0,0
173535,1,33,1074,0,26,25,21853.52,146582,147,45,0,0
173644,1,33,1105,0,36,25,21853.52,146582,147,45,0,0
173760,1,32,1102,0,36,25,21853.52,146582,147,45,0,0
173860,1,32,1101,0,36,25,21853.52,146582,147,45,0,0
173985,1,32,1102,0,34,25,21853.52,146582,147,45,0,0
174094,1,31,1102,0,34,25,21853.52,146582,147,45,0,0
174206,1,31,1101,0,34,25,21853.52,146582,147,45,0,0
174285,1,31,1101,0,36,25,21853.52,146582,147,45,0,0
174435,1,30,1101,0,42,25,21853.52,146582,147,45,0,0
174543,1,30,1102,0,44,25,21854.54,146582,147,45,0,0
174660,1,30,1101,0,46,25,21854.54,146582,147,45,0,0
174760,1,29,1099,0,46,25,21854.54,146582,147,45,0,0
174877,1,29,1099,0,44,25,21854.54,146582,147,45,0,0
174993,1,29,1099,0,42,25,21854.54,146582,147,45,0,0
175093,1,28,1099,0,46,25,21854.54,146582,147,45,0,0
175205,1,28,1098,0,48,25,21854.54,146582,147,45,0,0
175293,1,28,1097,0,48,25,21854.54,146582,147,45,0,0
175443,1,27,1099,0,48,25,21854.54,146582,147,45,0,0
175559,1,27,1098,0,46,25,21854.54,146582,147,45,0,0
175660,1,27,1097,0,48,25,21854.54,146582,147,45,0,0
175785,1,26,1097,0,48,25,21854.54,146582,147,45,0,0
175893,1,26,1097,0,50,25,21854.54,146582,147,45,0,0
175993,1,25,1097,0,50,25,21854.54,146582,147,45,0,0
176093,1,25,1096,0,54,25,21854.54,146582,147,45,0,0
176205,1,25,1097,0,54,25,21854.54,146582,147,45,0,0
176343,1,24,1100,0,52,25,21854.54,146582,147,45,0,0
176457,1,24,1101,0,60,25,21854.54,146582,147,45,0,0
176560,1,23,1101,0,68,25,21854.54,146582,147,45,0,0
176660,1,23,1101,0,66,25,21854.54,146582,147,45,0,0
176792,1,22,1102,0,68,25,21854.54,146582,147,45,0,0
176893,1,22,1101,0,64,25,21854.54,146582,147,45,0,0
176993,1,21,1102,0,68,25,21854.54,146582,147,45,0,0
177093,1,21,1104,0,66,25,21854.54,146582,147,45,0,0
177243,1,21,1102,0,62,25,21855.54,146582,147,46,0,0
177359,1,20,1102,0,66,25,21855.54,146582,147,46,0,0
177460,1,19,1102,0,66,25,21855.54,146582,147,46,0,0
177577,1,19,1101,0,64,25,21855.54,146582,147,46,0,0
177693,1,18,1101,0,62,25,21855.54,146582,147,46,0,0
177793,1,18,1102,0,62,25,21855.54,146582,147,46,0,0
177893,1,18,1104,0,60,25,21855.54,146582,147,46,0,0
178035,1,17,1104,0,62,25,21855.54,146582,147,46,0,0
178143,1,17,1104,0,62,25,21855.54,146582,147,46,0,0
178243,1,16,1105,0,62,25,21855.54,146582,147,46,0,0
178360,1,16,1104,0,60,25,21855.54,146582,147,46,0,0
178474,1,15,1102,0,60,25,21855.54,146582,147,46,0,0
178593,1,15,1102,0,62,25,21855.54,146582,147,46,0,0
178705,1,14,1101,0,62,25,21855.54,146582,147,46,0,0
178793,1,14,1102,0,58,25,21855.54,146582,147,46,0,0
178895,1,14,1101,0,60,25,21855.54,146582,147,46,0,0
179043,1,13,1102,0,52,25,21855.54,146582,147,46,0,0
179160,1,13,1102,0,38,25,21855.54,146582,147,46,0,0
179260,1,13,1102,0,26,25,21855.54,146582,147,46,0,0
179388,1,12,1104,0,6,25,21855.54,146582,147,46,0,0
179493,1,12,1105,0,4,25,21855.54,146582,147,46,0,0
179593,1,12,1106,0,4,25,21855.54,146582,147,46,0,0
179705,1,12,1106,0,0,25,21855.54,146582,147,46,0,0
179785,1,12,1108,0,0,25,21855.54,146582,147,46,0,0
179955,1,12,1108,0,0,25,21856.55,146582,147,46,0,0
180060,1,12,1107,0,0,25,21856.55,146582,147,46,0,0
180184,1,12,1138,0,0,25,21856.55,146582,147,46,0,0
180285,1,11,1168,0,0,25,21856.55,146582,147,46,0,0
180393,1,11,1294,0,0,25,21856.55,146582,147,46,0,0
180493,1,11,1384,0,0,25,21856.55,146582,147,46,0,0
180593,1,10,1527,0,0,25,21856.55,146582,147,46,0,0
180743,1,10,1462,0,0,25,21856.55,146582,147,46,0,0
180859,1,10,1403,0,0,25,21856.55,146582,147,46,0,0
180960,1,9,1374,5,0,25,21856.55,146582,147,46,0,0
181075,1,9,1409,16,0,25,21856.55,146582,147,46,0,0
181192,1,9,1415,26,0,25,21856.55,146582,147,46,0,0
181293,1,9,1433,29,0,25,21856.55,146582,147,46,0,0
181393,1,10,1386,38,0,25,21856.55,146582,147,46,0,0
181494,1,10,1393,48,0,25,21856.55,146582,147,46,0,0
181643,1,10,1468,60,0,25,21856.55,146582,147,46,0,0
181760,1,10,1486,60,0,25,21856.55,146582,147,46,0,0
181860,1,10,1521,60,0,25,21856.55,146582,147,46,0,0
181960,1,11,1540,60,0,25,21857.55,146582,147,46,0,0
182092,1,11,1629,60,0,25,21857.55,146582,147,46,0,0
182204,1,11,1661,60,0,25,21857.55,146582,147,46,0,0
182292,1,12,1693,59,0,25,21857.55,146582,147,46,0,0
182392,1,12,1729,58,0,25,21857.55,146582,147,46,0,0
182543,1,12,1800,57,0,25,21857.55,146582,147,46,0,0
182643,1,13,1832,57,0,25,21857.55,146582,147,46,0,0
182760,1,13,1899,56,0,25,21857.55,146582,147,46,0,0
182860,1,13,1939,52,0,25,21857.55,146582,147,46,0,0
182984,1,14,1943,52,0,25,21857.55,146582,147,46,0,0
183093,1,14,2032,52,0,25,21858.57,146582,147,46,0,0
183205,1,14,2085,52,0,25,21858.57,146582,147,46,0,0
183292,1,14,2025,52,0,25,21858.57,146582,147,46,0,0
183434,1,14,2031,52,0,25,21858.57,146582,147,46,0,0
183542,1,15,2154,52,0,25,21858.57,146582,147,47,0,0
183661,1,15,2222,41,0,25,21858.57,146582,147,47,0,0
183760,1,15,2152,0,0,25,21858.57,146582,147,47,0,0
183887,1,15,2139,0,0,25,21858.57,146582,147,47,0,0
183992,1,15,2138,0,0,25,21859.58,146582,147,47,0,0
184092,1,15,2127,0,0,25,21859.58,146582,147,47,0,0
184205,1,15,2119,0,0,25,21859.58,146582,147,47,0,0
184334,1,15,2115,0,0,25,21859.58,146582,147,47,0,0
184442,1,15,2049,0,0,25,21859.58,146582,147,47,0,0
184543,1,14,1974,0,12,25,21859.58,146582,147,47,0,0
184660,1,14,1888,0,16,25,21859.58,146582,147,47,0,0
184760,1,14,1760,0,8,25,21859.58,146582,147,47,0,0
184893,1,14,1651,0,22,25,21859.58,146582,147,47,0,0
184993,1,13,1606,0,26,25,21859.58,146582,147,47,0,0
185093,1,13,1568,0,30,25,21859.58,146582,147,47,0,0
185204,1,13,1538,0,40,25,21859.58,146582,147,47,0,0
185334,1,13,1524,0,56,25,21859.58,146582,147,47,0,0
185443,1,13,1454,0,56,25,21859.58,146582,147,47,0,0
185559,1,12,1421,0,54,25,21859.58,146582,147,47,0,0
185660,1,11,1388,0,58,25,21859.58,146582,147,47,0,0
185784,1,11,1388,0,58,25,21859.58,146582,147,47,0,0
185893,1,11,1326,0,40,25,21859.58,146582,147,47,0,0
185992,1,10,1326,0,38,25,21859.58,146582,147,47,0,0
186092,1,10,1294,0,36,25,21859.58,146582,147,47,0,0
186234,1,9,1262,0,24,25,21859.58,146582,147,47,0,0
186293,1,9,1264,0,26,25,21859.58,146582,147,47,0,0
186459,1,9,1232,0,26,25,21859.58,146582,147,47,0,0
186559,1,8,1230,0,4,25,21859.58,146582,147,47,0,0
186660,1,8,1200,0,8,25,21860.58,146582,147,47,0,0
186792,1,8,1200,0,10,25,21860.58,146582,147,47,0,0
186943,1,8,1169,0,10,25,21860.58,146582,147,47,0,0
187059,1,7,1169,0,10,25,21860.58,146582,147,47,0,0
187160,1,7,1138,0,12,25,21860.58,146582,147,47,0,0
187259,1,7,1137,0,10,25,21860.58,146582,147,47,0,0
187392,1,7,1137,0,0,25,21860.58,146582,147,47,0,0
187494,1,7,1104,0,0,25,21860.58,146583,148,47,0,0
187592,1,6,1104,0,0,25,21860.58,146583,148,47,0,0
187704,1,6,1105,0,0,25,21860.58,146583,148,47,0,0
187792,1,6,1105,0,0,25,21860.58,146583,148,47,0,0
187943,1,6,1040,0,0,25,21860.58,146583,148,47,0,0
188060,1,6,976,0,0,25,21860.58,146583,148,47,0,0
188159,1,6,884,0,0,25,21860.58,146583,148,47,0,0
188285,1,6,968,0,0,25,21860.58,146583,148,47,0,0
188392,1,6,914,2,0,25,21860.58,146583,148,47,0,0
188494,1,6,969,8,0,25,21860.58,146583,148,47,0,0
188592,1,7,1065,18,0,25,21860.58,146583,148,47,0,0
188734,1,7,1080,30,0,25,21860.58,146583,148,47,0,0
188792,1,7,1038,30,2,25,21861.61,146583,148,47,0,0
188959,1,8,1130,32,0,25,21861.61,146583,148,47,0,0
189059,1,8,1172,32,0,25,21861.61,146583,148,47,0,0
189159,1,8,1194,32,2,25,21861.61,146583,148,47,0,0
189292,1,8,1185,33,0,25,21861.61,146583,148,47,0,0
189392,1,8,1246,37,0,25,21861.61,146583,148,47,0,0
189494,1,9,1250,38,0,25,21861.61,146583,148,47,0,0
189592,1,9,1287,38,0,25,21861.61,146583,148,47,0,0
189734,1,9,1324,38,0,25,21861.61,146583,148,47,0,0
189842,1,9,1356,38,0,25,21861.61,146583,148,47,0,0
189959,1,10,1388,38,0,25,21861.61,146583,148,47,0,0
190074,1,10,1425,38,0,25,21861.61,146583,148,47,0,0
190184,1,10,1458,38,0,25,21861.61,146583,148,47,0,0
190292,1,10,1492,38,0,25,21862.63,146583,148,47,0,0
190392,1,10,1529,37,0,25,21862.63,146583,148,47,0,0
190494,1,11,1567,35,0,25,21862.63,146583,148,47,0,0
190640,1,11,1596,30,0,25,21862.63,146583,148,47,0,0
190743,1,11,1609,28,0,25,21862.63,146583,148,47,0,0
190860,1,11,1601,24,0,25,21862.63,146583,148,47,0,0
190959,1,11,1627,24,0,25,21862.63,146583,148,47,0,0
191084,1,11,1654,23,0,25,21862.63,146583,148,47,0,0
191193,1,12,1684,23,0,25,21862.63,146583,148,47,0,0
191292,1,12,1686,23,0,25,21862.63,146583,148,47,0,0
191392,1,12,1686,23,0,25,21862.63,146583,148,47,0,0
191534,1,12,1686,18,0,25,21862.63,146583,148,47,0,0
191644,1,12,1721,15,0,25,21862.63,146583,148,47,0,0
191759,1,12,1715,15,0,25,21862.63,146583,148,47,0,0
191861,1,12,1700,15,0,25,21862.63,146583,148,47,0,0
191959,1,12,1697,15,0,25,21863.63,146583,148,47,0,0
192092,1,12,1701,15,0,25,21863.63,146583,148,47,0,0
192204,1,12,1703,15,0,25,21863.63,146583,148,47,0,0
192292,1,12,1670,15,0,25,21863.63,146583,148,47,0,0
192392,1,12,1701,15,0,25,21863.63,146583,148,47,0,0
192534,1,12,1668,9,0,25,21863.63,146583,148,47,0,0
192643,1,12,1664,9,0,25,21863.63,146583,148,47,0,0
192759,1,12,1655,9,0,25,21863.63,146583,148,47,0,0
192860,1,11,1651,11,0,25,21863.63,146583,148,47,0,0
192984,1,11,1652,12,0,25,21863.63,146583,148,47,0,0
193092,1,11,1657,16,0,25,21863.63,146583,148,47,0,0
193204,1,11,1657,28,0,25,21863.63,146583,148,47,0,0
193292,1,11,1600,28,0,25,21863.63,146583,148,48,0,0
193435,1,11,1612,28,0,25,21863.63,146583,148,48,0,0
193542,1,11,1663,28,0,25,21863.63,146583,148,48,0,0
193660,1,11,1662,21,0,25,21863.63,146583,148,48,0,0
193759,1,11,1659,12,0,25,21863.63,146583,148,48,0,0
193887,1,12,1653,3,0,25,21863.63,146583,148,48,0,0
193992,1,12,1662,3,0,25,21864.64,146583,148,48,0,0
194092,1,11,1646,4,0,25,21864.64,146583,148,48,0,0
194204,1,11,1612,6,0,25,21864.64,146583,148,48,0,0
194292,1,11,1609,9,0,25,21864.64,146583,148,48,0,0
194442,1,11,1614,15,0,25,21864.64,146583,148,48,0,0
194559,1,11,1621,25,0,25,21864.64,146583,148,48,0,0
194660,1,11,1662,27,0,25,21864.64,146583,148,48,0,0
194786,1,11,1642,27,0,25,21864.64,146583,148,48,0,0
194892,1,11,1620,27,0,25,21864.64,146583,148,48,0,0
194992,1,11,1596,27,0,25,21864.64,146583,148,48,0,0
195092,1,11,1661,27,0,25,21864.64,146583,148,48,0,0
195234,1,11,1693,18,0,25,21864.64,146583,148,48,0,0
195292,1,12,1663,18,0,25,21864.64,146583,148,48,0,0
195459,1,12,1644,1,0,25,21864.64,146583,148,48,0,0
195559,1,11,1662,0,0,25,21864.64,146583,148,48,0,0
195660,1,11,1655,0,0,25,21864.64,146583,148,48,0,0
195791,1,11,1613,0,0,25,21864.64,146583,148,48,0,0
195892,1,11,1576,0,0,25,21864.64,146583,148,48,0,0
195992,1,11,1543,0,0,25,21864.64,146583,148,48,0,0
196092,1,11,1542,0,0,25,21865.65,146583,148,48,0,0
196243,1,11,1475,0,6,25,21865.65,146583,148,48,0,0
196292,1,10,1475,0,22,25,21865.65,146583,148,48,0,0
196459,1,10,1440,0,22,25,21865.65,146583,148,48,0,0
196575,1,10,1407,0,20,25,21865.65,146583,148,48,0,0
196684,1,10,1375,0,24,25,21865.65,146583,148,48,0,0
196792,1,9,1343,0,22,25,21865.65,146583,148,48,0,0
196892,1,9,1282,0,32,25,21865.65,146583,148,48,0,0
196992,1,9,1251,0,40,25,21865.65,146583,148,48,0,0
197140,1,9,1251,0,48,25,21865.65,146583,148,48,0,0
197243,1,8,1220,0,56,25,21865.65,146583,148,48,0,0
197359,1,8,1220,0,56,25,21865.65,146583,148,48,0,0
197473,1,7,1188,0,50,25,21865.65,146583,148,48,0,0
197585,1,7,1188,0,42,25,21865.65,146583,148,48,0,0
197692,1,7,1157,0,42,25,21865.65,146583,148,48,0,0
197792,1,6,1157,0,92,25,21865.65,146583,148,48,0,0
197892,1,6,1126,0,88,25,21865.65,146583,148,48,0,0
198035,1,5,1127,0,82,25,21865.65,146583,148,48,0,0
198142,1,5,1095,0,76,25,21865.65,146583,148,48,0,0
198259,1,4,1095,0,80,25,21865.65,146583,148,48,0,0
198376,1,4,1064,0,80,25,21865.65,146583,148,48,0,0
198485,1,3,1064,0,80,25,21865.65,146583,148,48,0,0
198592,1,0,1033,0,80,25,21865.65,146583,148,48,0,0
198704,1,0,1000,0,46,25,21865.65,146583,148,48,0,0
198792,1,0,967,0,36,25,21865.65,146583,148,48,0,0
198934,1,0,934,0,32,25,21865.65,146583,148,48,0,0
199042,1,0,904,0,4,25,21865.65,146583,148,48,0,0
199159,1,0,872,0,0,25,21866.67,146583,148,48,0,0
199243,1,0,885,0,0,25,21866.67,146583,148,48,0,0
199359,1,0,917,0,2,25,21866.67,146583,148,48,0,0
199492,1,0,1046,0,0,25,21866.67,146583,148,48,0,1
199592,1,0,1051,0,0,25,21866.67,146583,148,48,0,1
199704,1,0,1038,0,0,25,21866.67,146583,148,48,0,1
199792,1,0,1099,0,0,25,21866.67,146583,148,48,0,1
199935,1,0,1169,0,0,25,21866.67,146583,148,48,0,1
200042,1,0,1065,0,0,25,21866.67,146583,148,48,0,1
200159,1,0,967,0,0,25,21866.67,146583,148,48,0,1
200259,1,0,955,0,0,25,21866.67,146583,148,48,0,1
200359,1,2,941,0,0,25,21866.67,146583,148,48,0,1
200495,1,3,954,0,0,25,21867.69,146583,148,48,0,1
200592,1,3,953,0,0,25,21867.69,146583,148,48,0,1
200704,1,4,986,0,0,25,21867.69,146583,148,48,0,1
200792,1,4,1021,0,0,25,21867.69,146583,148,48,0,1
200942,1,4,1052,0,2,25,21867.69,146583,148,48,0,1
201042,1,4,1052,0,0,25,21867.69,146583,148,48,0,1
201159,1,4,1024,0,0,25,21867.69,146583,148,48,0,1
201259,1,4,1006,0,0,25,21867.69,146583,148,48,0,1
201392,1,4,1037,0,0,25,21867.69,146583,148,48,0,1
201492,1,4,1073,0,0,25,21867.69,146583,148,48,0,1
201592,1,4,1038,0,0,25,21867.69,146583,148,48,0,1
201704,1,4,1032,0,0,25,21867.69,146583,148,48,0,1
201835,1,4,1028,0,0,25,21867.69,146583,148,48,0,1
201942,1,4,1032,0,0,25,21867.69,146583,148,48,0,1
202060,1,4,1005,0,0,25,21867.69,146583,148,48,0,1
202159,1,4,1017,0,0,25,21867.69,146583,148,48,0,1
202259,1,4,996,0,0,25,21868.70,146583,148,48,0,1
202387,1,4,1005,0,0,25,21868.70,146583,148,48,0,1
202493,1,4,1020,0,2,25,21868.70,146583,148,48,0,1
202592,1,3,962,0,0,25,21868.70,146583,148,48,0,1
202734,1,3,973,0,0,25,21868.70,146583,148,48,0,1
202792,1,3,937,0,0,25,21868.70,146583,148,48,0,1
202959,1,3,937,0,0,25,21868.70,146583,148,48,0,1
203059,1,3,943,0,0,25,21868.70,146583,148,48,0,1
203159,1,3,946,0,0,25,21868.70,146583,148,48,0,1
203292,1,3,981,0,0,25,21868.70,146583,148,48,0,1
203392,1,3,953,0,0,25,21868.70,146583,148,48,0,1
203493,1,3,911,0,0,25,21868.70,146583,148,48,0,1
203592,1,3,933,0,0,25,21868.70,146583,148,48,0,1
203735,1,3,933,0,0,25,21868.70,146583,148,48,0,1
203842,1,3,957,0,0,25,21868.70,146583,148,48,0,1
203959,1,3,899,0,0,25,21868.70,146583,148,48,0,1
204074,1,3,883,0,0,25,21868.70,146583,148,48,0,1
204184,1,3,857,0,0,25,21868.70,146583,148,48,0,1
204292,1,3,904,0,0,25,21869.72,146583,148,48,0,1
204392,1,3,906,0,0,25,21869.72,146583,148,48,0,1
204493,1,3,866,0,0,25,21869.72,146583,148,48,0,1
204592,1,3,892,0,6,25,21869.72,146583,148,48,0,1
204744,1,3,896,0,6,25,21869.72,146583,148,48,0,1
204859,1,2,939,0,8,25,21869.72,146583,148,48,0,1
204961,1,2,946,0,6,25,21869.72,146583,148,48,0,1
205084,1,0,931,0,6,25,21869.72,146583,148,48,0,1
205193,1,0,914,0,6,25,21869.72,146583,148,48,0,1
205292,1,0,914,0,6,25,21869.72,146583,148,48,0,1
205392,1,0,922,0,4,25,21869.72,146583,148,48,0,1
205493,1,0,934,0,0,25,21869.72,146583,148,48,0,1
205642,1,0,934,0,0,25,21869.72,146583,148,48,0,1
205742,1,0,968,0,0,25,21869.72,146583,148,48,0,1
205859,1,0,964,0,0,25,21869.72,146583,148,48,0,1
205959,1,0,962,0,0,25,21869.72,146583,148,48,0,1
206084,1,0,975,0,0,25,21869.72,146583,148,48,0,1
206192,1,0,1002,0,0,25,21869.72,146583,148,48,0,1
206292,1,2,1017,0,0,25,21869.72,146583,148,48,0,1
206392,1,3,996,0,0,25,21870.73,146583,148,48,0,1
206542,1,3,1042,0,0,25,21870.73,146583,148,48,0,1
206642,1,3,1011,0,0,25,21870.73,146583,148,48,0,1
206759,1,3,1005,0,0,25,21870.73,146583,148,48,0,1
206859,1,3,1002,0,0,25,21870.73,146583,148,48,0,1
206985,1,3,1034,0,0,25,21870.73,146583,148,48,0,1
207092,1,3,1016,0,0,25,21870.73,146583,148,48,0,1
207204,1,3,1039,0,0,25,21870.73,146583,148,48,0,1
207292,1,3,997,0,0,25,21870.73,146583,148,48,0,1
207434,1,3,997,0,0,25,21870.73,146583,148,48,0,1
207542,1,3,968,0,0,25,21870.73,146583,148,48,0,1
207659,1,2,1001,0,0,25,21870.73,146583,148,48,0,1
207759,1,2,1008,0,0,25,21870.73,146583,148,49,0,1
207886,1,0,1008,0,0,25,21870.73,146583,148,49,0,1
207992,1,0,931,0,0,25,21870.73,146583,148,49,0,1
208092,1,0,961,0,0,25,21870.73,146583,148,49,0,1
208204,1,0,1041,0,0,25,21870.73,146583,148,49,0,1
208292,1,0,1038,0,0,25,21871.75,146583,148,49,0,1
208442,1,0,1020,0,0,25,21871.75,146583,148,49,0,1
208559,1,0,981,0,0,25,21871.75,146583,148,49,0,1
208660,1,0,979,0,0,25,21871.75,146583,148,49,0,1
208759,1,0,985,0,2,25,21871.75,146583,148,49,0,1
208891,1,2,966,0,0,25,21871.75,146583,148,49,0,1
208992,1,0,960,0,0,25,21871.75,146583,148,49,0,1
209092,1,0,987,0,0,25,21871.75,146583,148,49,0,1
209204,1,0,936,0,0,25,21871.75,146583,148,49,0,1
209291,1,0,910,0,0,25,21871.75,146583,148,49,0,1
209442,1,0,908,0,2,25,21871.75,146583,148,49,0,1
209559,1,0,913,0,16,25,21871.75,146583,148,49,0,1
209660,1,0,914,0,10,25,21871.75,146583,148,49,0,1
209784,1,0,903,0,6,25,21871.75,146583,148,49,0,1
209892,1,0,899,0,0,25,21871.75,146583,148,49,0,1
209992,1,0,905,0,0,25,21871.75,146583,148,49,0,1
210091,1,0,926,0,0,25,21871.75,146583,148,49,0,1
210234,1,0,914,0,0,25,21871.75,146583,148,49,0,1
210343,1,0,915,0,0,25,21871.75,146583,148,49,0,1
210459,1,0,902,0,0,25,21872.77,146583,148,49,0,1
210559,1,0,898,0,0,25,21872.77,146583,148,49,0,1
210659,1,0,931,0,0,25,21872.77,146583,148,49,0,1
210792,1,0,964,0,0,25,21872.77,146583,148,49,0,1
210891,1,0,996,0,0,25,21872.77,146583,148,49,0,1
210992,1,0,997,0,0,25,21872.77,146583,148,49,0,1
211092,1,0,975,0,0,25,21872.77,146583,148,49,0,1
211234,1,0,977,0,0,25,21872.77,146583,148,49,0,1
211342,1,0,930,0,0,25,21872.77,146583,148,49,0,1
211459,1,0,955,0,0,25,21872.77,146583,148,49,0,1
211574,1,0,917,0,0,25,21872.77,146583,148,49,0,1
211684,1,0,883,0,0,25,21872.77,146583,148,49,0,1
211791,1,0,878,0,0,25,21872.77,146583,148,49,0,1
211892,1,0,872,0,0,25,21872.77,146583,148,49,0,1
211992,1,0,873,0,0,25,21872.77,146583,148,49,0,1
212139,1,0,862,0,0,25,21872.77,146583,148,49,0,1
212242,1,0,848,0,0,25,21872.77,146583,148,50,0,1
212359,1,0,876,0,0,25,21872.77,146583,148,50,0,1
212473,1,0,875,0,0,25,21873.79,146583,148,50,0,1
212583,1,0,913,0,0,25,21873.79,146583,148,50,0,1
212692,1,0,934,0,0,25,21873.79,146583,148,50,0,1
212792,1,0,947,0,0,25,21873.79,146583,148,50,0,1
212892,1,0,941,0,0,25,21873.79,146583,148,50,0,1
213033,1,0,943,0,0,25,21873.79,146583,148,50,0,1
213142,1,0,941,0,0,25,21873.79,146583,148,50,0,1
213242,1,0,943,0,0,25,21873.79,146583,148,50,0,1
213360,1,0,1045,0,0,25,21873.79,146583,148,50,0,1
213473,1,0,1047,0,0,25,21873.79,146583,148,50,0,1
213591,1,0,1047,0,0,25,21873.79,146583,148,50,0,1
213704,1,0,1000,0,0,25,21873.79,146583,148,50,0,1
213791,1,0,972,0,0,25,21873.79,146583,148,50,0,1
213892,1,0,1030,0,0,25,21873.79,146583,148,50,0,1
214041,1,0,1033,0,0,25,21873.79,146583,148,50,0,1
214091,1,0,1033,0,0,25,21873.79,146583,148,50,0,1
214259,1,0,1048,0,0,25,21874.81,146583,148,50,0,1
214360,1,0,973,0,0,25,21874.81,146583,148,50,0,1
214485,1,0,998,0,0,25,21874.81,146583,148,50,0,1
214591,1,0,1079,0,0,25,21874.81,146583,148,50,0,1
214703,1,0,1076,0,0,25,21874.81,146583,148,50,0,1
214791,1,0,1067,0,0,25,21874.81,146583,148,50,0,1
214935,1,0,1032,0,0,25,21874.81,146583,148,50,0,1
215041,1,0,1047,0,0,25,21874.81,146583,148,50,0,1
215158,1,0,1025,0,0,25,21874.81,146583,148,50,0,1
215259,1,0,1035,0,0,25,21874.81,146583,148,50,0,1
215359,1,0,1030,0,0,25,21874.81,146583,148,50,0,1
215492,1,0,996,0,0,25,21874.81,146583,148,50,0,1
215591,1,0,1026,0,0,25,21874.81,146583,148,50,0,1
215704,1,0,1024,0,0,25,21874.81,146583,148,50,0,1
215833,1,0,1035,0,0,25,21874.81,146583,148,50,0,1
215941,1,0,1013,0,0,25,21874.81,146583,148,50,0,1
216058,1,0,968,0,0,25,21875.83,146583,148,50,0,1
216158,1,0,1015,0,0,25,21875.83,146583,148,50,0,1
216258,1,0,1016,0,0,25,21875.83,146583,148,50,0,1
216392,1,0,974,0,14,25,21875.83,146583,148,50,0,1
216492,1,0,964,0,6,25,21875.83,146583,148,50,0,1
216591,1,0,963,0,6,25,21875.83,146583,148,50,0,1
216703,1,0,961,0,6,25,21875.83,146583,148,50,0,1
216792,1,0,962,0,6,25,21875.83,146583,148,50,0,1
216953,1,0,939,0,6,25,21875.83,146583,148,51,0,1
217058,1,0,984,0,6,25,21875.83,146583,148,51,0,1
217158,1,0,972,0,4,25,21875.83,146583,148,51,0,1
217291,1,0,977,0,2,25,21875.83,146583,148,51,0,1
217391,1,0,902,0,0,25,21875.83,146583,148,51,0,0
217493,1,0,876,0,0,25,21875.83,146583,145,51,0,0
217591,1,0,908,0,0,25,21875.83,146583,145,51,0,0
217742,1,0,907,0,0,25,21875.83,146583,145,51,0,0
217791,1,0,907,0,0,25,21875.83,146583,145,51,0,0
217958,1,0,938,0,0,25,21875.83,146583,145,51,0,0
218073,1,0,973,0,0,25,21875.83,146583,145,51,0,0
218191,1,0,1005,0,0,25,21875.83,146583,145,51,0,0
218291,1,0,1007,0,0,25,21876.84,146583,145,51,0,0
218391,1,0,975,0,0,25,21876.84,146583,145,51,0,0
218492,1,0,974,0,0,25,21876.84,146583,145,51,0,0
218639,1,0,977,0,0,25,21876.84,146583,145,51,0,0
218742,1,0,954,0,0,25,21876.84,146583,145,51,0,0
218859,1,0,953,0,0,25,21876.84,146583,145,51,0,0
218959,1,0,959,0,0,25,21876.84,146583,145,51,0,0
219091,1,0,902,0,0,25,21876.84,146583,145,51,0,0
219203,1,0,896,0,0,25,21876.84,146583,145,51,0,0
219291,1,0,896,0,0,25,21876.84,146583,145,51,0,0
219391,1,0,926,0,0,25,21876.84,146583,145,51,0,0
219541,1,0,914,0,0,25,21876.84,146583,145,51,0,0
219642,1,0,877,0,0,25,21876.84,146583,145,51,0,0
219758,1,0,904,0,2,25,21876.84,146583,145,51,0,0
219858,1,0,893,0,0,25,21876.84,146583,145,51,0,0
219984,1,0,889,0,2,25,21876.84,146583,145,51,0,0
220091,1,0,876,0,14,25,21877.84,146583,145,51,0,0
220203,1,0,877,0,16,25,21877.84,146583,145,51,0,0
220283,1,0,876,0,18,25,21877.84,146583,145,51,0,0
220433,1,0,871,0,18,25,21877.84,146583,145,51,0,0
220541,1,0,893,0,14,25,21877.84,146583,145,51,0,0
220660,1,0,866,0,14,25,21877.84,146583,145,51,0,0
220758,1,0,869,0,14,25,21877.84,146583,145,51,0,0
220888,1,0,872,0,24,25,21877.84,146583,145,51,0,0
220991,1,0,905,0,38,25,21877.84,146583,145,51,0,0
221091,1,0,907,0,50,25,21877.84,146583,145,51,0,0
221203,1,0,908,0,68,25,21877.84,146583,145,51,0,0
221336,1,0,875,0,88,25,21877.84,146583,145,51,0,0
221441,1,0,867,0,110,25,21877.84,146583,145,51,0,0
221558,1,0,868,0,114,25,21877.84,146583,145,51,0,0
221659,1,0,869,0,122,25,21877.84,146583,145,51,0,0
221783,1,0,869,0,160,25,21877.84,146583,145,51,0,0
221891,1,0,867,0,168,25,21877.84,146583,145,51,0,0
221997,1,0,867,0,182,25,21877.84,146583,145,51,0,0
222091,1,0,865,0,210,25,21877.84,146583,145,51,0,0
222233,1,0,893,0,222,25,21877.84,146583,145,51,0,0
222341,1,0,893,0,224,25,21877.84,146583,145,51,0,0
222459,1,0,893,0,224,25,21877.84,146583,145,51,0,0
222573,1,0,893,0,206,25,21877.84,146583,145,51,0,0
222684,1,0,894,0,186,25,21877.84,146583,145,51,0,0
222791,1,0,893,0,168,25,21877.84,146583,145,51,0,0
222893,1,0,893,0,154,25,21877.84,146583,145,51,0,0
